#SKD101|gridjobs|26|2012.01.06 23:58:56|1808|183|183|183|183|2|4|5|5|5|5|13|4|1|5|48|16|132|724|25|21|35|13|8|5

DROP TABLE IF EXISTS `error_log`;
CREATE TABLE `error_log` (
  `id` int(10) unsigned NOT NULL auto_increment,
  `url` text /*!40101 collate utf8_bin */,
  `description` text /*!40101 collate utf8_bin */,
  `session_dump` text /*!40101 collate utf8_bin */,
  `hash` char(32) /*!40101 collate utf8_bin */ default NULL,
  `lastdate` int(10) unsigned default NULL,
  PRIMARY KEY  (`id`)
) ENGINE=MyISAM /*!40101 DEFAULT CHARSET=utf8 */ /*!40101 COLLATE=utf8_bin */;

DROP TABLE IF EXISTS `lng_en`;
CREATE TABLE `lng_en` (
  `snippet_id` int(10) unsigned default NULL,
  `text` text /*!40101 collate utf8_bin */,
  UNIQUE KEY `snippet_id` (`snippet_id`)
) ENGINE=MyISAM /*!40101 DEFAULT CHARSET=utf8 */ /*!40101 COLLATE=utf8_bin */;

INSERT INTO `lng_en` VALUES
(1, 'Main'),
(2, 'Projects'),
(3, 'Tasks'),
(6, 'Grid Certificates'),
(7, 'Virtual Organizations'),
(8, 'Crimean Environment Grid Portal'),
(9, 'Version'),
(10, 'Welcome'),
(15, 'You are not in the correct VO'),
(12, 'Exit'),
(16, 'detail'),
(17, 'task id'),
(18, 'task name'),
(19, 'xrsl_command'),
(20, 'status'),
(21, 'date'),
(22, 'xrsl presence'),
(23, 'options'),
(24, 'add new task'),
(25, 'rename'),
(26, 'run'),
(27, 'delete'),
(28, 'files'),
(29, 'Sorry, an error occurred! Our experts are already working on a fix.'),
(30, 'Task settings startup '),
(31, 'myproxy server'),
(32, 'Uploading task files to server'),
(33, 'enter the path to file'),
(34, 'send file'),
(35, 'list of files on the server'),
(36, 'username'),
(37, 'password'),
(38, 'max time'),
(39, 'Run a task !'),
(40, 'Will be loaded sample test task executing the command /bin/sleep for 2850 seconds, and using a single processor'),
(41, 'Help'),
(42, 'state'),
(43, 'submitted'),
(44, 'prepared'),
(45, 'analyze'),
(46, 'go to the curent task'),
(47, 'to the task list'),
(48, 'in queue: Q'),
(49, 'analyze'),
(50, 'no tasks'),
(51, 'login'),
(52, 'password'),
(53, 'term certificate'),
(54, 'day'),
(55, 'week'),
(56, 'month'),
(57, 'months'),
(58, 'save'),
(59, 'to register every time in manual mode'),
(60, 'THEI'),
(61, 'thei.org.ua'),
(62, '7512'),
(63, 'GRID.ORG.UA'),
(64, 'GRID.ORG.UA'),
(65, 'server'),
(66, 'specify the server myproxy'),
(67, 'THEI.ORG.UA'),
(68, 'stop'),
(69, 'get'),
(70, 'Do you want to delete the task?'),
(71, '(test)'),
(72, 'proceed'),
(73, 'cancel'),
(75, 'Get task files '),
(74, 'with all files'),
(76, 'cancel'),
(77, 'proceed'),
(78, 'Files of the task obtained'),
(79, 'Record added successfully !'),
(80, 'Record was successfully deleted !'),
(81, 'Creating a new task'),
(84, 'Enter the name of the new task:'),
(85, 'no present'),
(86, 'present'),
(87, 'Run'),
(88, 'Back to tasks list'),
(89, 'The task was successfully started'),
(90, 'Unable to run the task:'),
(98, 'Personal data'),
(97, 'Rename task'),
(95, 'Request mayproxy well! Continuing:'),
(96, 'task submit successfully!'),
(99, 'Check VOMS'),
(100, 'Provisional certificate'),
(101, 'Change of personal data'),
(102, 'Your DN:'),
(103, 'Contacts'),
(104, 'e-mail:'),
(105, 'Phone:'),
(106, 'Messenger:'),
(107, 'Differents'),
(108, 'Projects'),
(109, 'Task category'),
(110, 'and software:'),
(111, 'Choose virtual organization for verification:'),
(112, '(you are a member of this organization)'),
(113, 'verify'),
(114, 'Choice VO by default'),
(115, 'Choose VO use default:'),
(116, 'Choose VO ...'),
(117, 'Temporary certificate myproxy'),
(118, 'Specify the settings for the myproxy server '),
(119, '(you are not enter this organization)'),
(120, 'Project does not contain any VO'),
(121, 'Error !!!'),
(122, 'Finished'),
(123, 'in queue: R'),
(124, 'Access denied'),
(125, 'project'),
(126, 'not found'),
(127, 'empty download'),
(128, 'deleted'),
(129, 'profile'),
(130, 'task customize'),
(131, 'warnings'),
(132, 'undefined'),
(133, 'to analyze'),
(134, 'Statistics'),
(135, 'file management'),
(136, 'preparing'),
(137, 'in queue: R'),
(138, 'completed in LRMS'),
(139, 'project name'),
(140, 'profile'),
(141, 'task name'),
(142, 'number of submits'),
(143, 'create date'),
(145, 'Create task'),
(146, 'Description'),
(147, 'in queue: Q'),
(148, 'in queue for running'),
(210, '<p style=\"text-align: justify;\"><span style=\"white-space: pre;\">&nbsp; </span>Еxperiment of fires simulations by these models under different initial conditions are provided. Ways of further developmen of fire field models implemented in the software mentioned above are provided. Using known software systems, namely: FDS, Farsite, smokview, biheve.</p>\r\n<p><strong><img style=\"display: block; margin-left: auto; margin-right: auto;\" title=\"sleep\" src=\"../../../../../images/projects/forest_fire2.jpg\" alt=\"sleep\" width=\"250\" height=\"150\" /></strong></p>\r\n<p><strong><strong><img style=\"display: block; margin-left: auto; margin-right: auto;\" title=\"sleep\" src=\"../../../../../images/projects/forest_fire3.jpg\" alt=\"sleep\" width=\"250\" height=\"150\" /></strong></strong></p>\r\n<p><strong><strong><strong><img style=\"display: block; margin-left: auto; margin-right: auto;\" title=\"sleep\" src=\"../../../../../images/projects/forest_fire1.jpg\" alt=\"forest_fire\" width=\"250\" height=\"150\" /></strong></strong></strong></p>\r\n<p style=\"text-align: justify;\">&nbsp;</p>'),
(150, 'Total $1 elements. Show'),
(151, 'by'),
(152, 'all'),
(153, 'Authorization failed. Specify options in the $1profile$2, or enter the settings manually again.'),
(183, '<p style=\"text-align: center;\"><span class=\"hps\">As a result,</span><span>&nbsp;</span><span class=\"hps\">the test</span><span>&nbsp;</span><span class=\"hps\">will be tested</span>&nbsp;<span class=\"hps\">processors</span>&nbsp;<span class=\"hps\">and</span>&nbsp;ram&nbsp;<span class=\"hps\">memory of</span>&nbsp;<span class=\"hps\">clusters</span>&nbsp;</p>\r\n<p style=\"text-align: center;\"><span><strong><img title=\"sleep\" src=\"../../../../../images/projects/test_cpu_&amp;_ram.jpg\" alt=\"sleep\" width=\"250\" height=\"150\" /></strong><br /><br /></span></p>'),
(212, 'profiles files'),
(156, '<p>description</p>'),
(157, 'Test 2'),
(158, '<p>test2</p>'),
(213, NULL),
(163, 'error'),
(164, 'page not found'),
(167, 'TEST'),
(168, 'FOREST FIRE PREDICTION'),
(185, 'Developers'),
(170, '<p style=\"text-align: center;\"><span class=\"hps\">as a result of</span><span>&nbsp;</span><span class=\"hps\">the test</span><span>&nbsp;</span><span class=\"hps\">will be performed</span><span>&nbsp;</span><span class=\"hps\">the <strong>sleep</strong> command</span></p>\r\n<p><strong><img style=\"display: block; margin-left: auto; margin-right: auto;\" src=\"../../../../../images/projects/sleep_script.jpg\" alt=\"test_cpu_&amp;_ram\" width=\"250\" height=\"150\" /><br /></strong></p>'),
(173, 'project name'),
(176, 'edit'),
(177, 'edit in master'),
(178, 'delete'),
(179, 'Page will be reloaded after'),
(180, 'sec'),
(181, 'Test CPU & RAM'),
(186, 'view'),
(187, 'launch'),
(188, 'total:'),
(189, 'completed:'),
(190, 'in process:'),
(191, 'with errors:'),
(192, 'unknown:'),
(193, 'add record'),
(194, 'options'),
(195, 'view'),
(196, 'edit'),
(197, 'update'),
(208, 'tasks management'),
(202, 'dec'),
(215, 'jan'),
(209, 'you can not create new task in this project.'),
(214, 'jul'),
(211, 'task statistics'),
(216, NULL),
(217, NULL),
(218, NULL),
(219, 'TEST glite'),
(220, '<p><strong><span class=\"hps\">Test</span>&nbsp;<span class=\"hps\">system</span>&nbsp;<span class=\"hps\">glite -</span>&nbsp;u<span class=\"hps\">nder constraction</span></strong><br /><br /><span class=\"hps\">must &nbsp;execut</span></p>\r\n<p><span class=\"hps\">glite-ce-job-submit --vo crimeaeco -d --autm-delegation -r &nbsp;glite.univ.kiev.ua/cream-pbs-ukraine ./test.jdl<br /></span></p>\r\n<p><span class=\"hps\"><br /></span></p>');

DROP TABLE IF EXISTS `lng_ru`;
CREATE TABLE `lng_ru` (
  `snippet_id` int(10) unsigned default NULL,
  `text` text /*!40101 collate utf8_bin */,
  UNIQUE KEY `snippet_id` (`snippet_id`)
) ENGINE=MyISAM /*!40101 DEFAULT CHARSET=utf8 */ /*!40101 COLLATE=utf8_bin */;

INSERT INTO `lng_ru` VALUES
(1, 'Главная'),
(2, 'Проекты'),
(3, 'Задачи'),
(6, 'Сертификаты для Грид'),
(7, 'Виртуальные организации'),
(8, 'Крымский экологический Грид портал '),
(9, 'Версия'),
(10, 'Приветствуем Вас'),
(15, 'Вы не состоите в нужной VO'),
(12, 'Выход'),
(16, 'подробней'),
(17, 'id задачи'),
(18, 'Имя задачи'),
(19, 'команда_xrsl'),
(20, 'статус'),
(21, 'дата'),
(22, 'наличие xrls'),
(23, 'опции'),
(24, 'Добавить новую задачу'),
(25, 'переименовать'),
(26, 'запуск'),
(27, 'удалить'),
(28, 'файлы'),
(29, 'Извините, произошла ошибка! Наши специалисты уже работают над ее устранением.'),
(30, 'Установка параметров запуска задачи'),
(31, 'сервер myproxy:'),
(32, 'Загрузка файлов задачи на сервер'),
(33, 'укажите путь к  файлу'),
(34, 'Отправить файл'),
(35, 'список файлов на сервере'),
(36, 'имя пользователя'),
(37, 'password'),
(38, 'max time'),
(39, 'Запуск задачи !'),
(40, 'Будет загружен пример тестовой задачи выполняющей команду /bin/sleep на протяжении 2850 секунд при использовании  одного процессора'),
(41, 'Помощь'),
(42, 'статус'),
(43, 'принята'),
(44, 'приготовлена'),
(45, 'Анализ'),
(46, 'перейти к текущей задаче'),
(47, 'к списку задач'),
(48, 'в очереди: Q'),
(49, 'Анализ'),
(50, 'нет ни одной задачи'),
(51, 'логин'),
(52, 'пароль'),
(53, 'срок сертификата'),
(54, 'день'),
(55, 'неделя'),
(56, 'месяц'),
(57, 'месяцев'),
(58, 'сохранить'),
(59, 'производить регистрацию каждый раз в ручном режиме'),
(60, 'THEI'),
(61, 'thei.org.ua'),
(62, '7512'),
(63, 'GRID.ORG.UA'),
(64, 'GRID.ORG.UA'),
(65, 'сервер'),
(66, 'укажите сервер myproxy'),
(67, 'THEI.ORG.UA'),
(68, 'остановить'),
(69, 'забрать'),
(70, 'Хотите удалить задачу?'),
(71, '(тестовая)'),
(72, 'продолжить'),
(73, 'отменить'),
(74, 'со всеми файлами'),
(75, 'Забрать файлы задачи'),
(76, 'отменить'),
(77, 'продолжить'),
(78, 'Файлы задачи получены'),
(79, 'Запись успешно добавлена !'),
(80, 'Запись успешно удалена !'),
(81, 'Создание новой задачи'),
(84, 'Введите имя новой задачи:'),
(87, 'Запуск'),
(85, 'нет'),
(86, 'есть'),
(88, 'Вернуться к списку задач'),
(89, 'Задача успешно запущена'),
(90, 'Не удалось запустить задачу:'),
(97, 'Переименовать задчу'),
(95, 'Запрос Майпрокси удачно! Продолжаем:'),
(96, ' Задача успешно запущена!'),
(98, 'Личные данные'),
(99, 'Проверка VOMS'),
(100, 'Временный сертификат'),
(101, 'Изменение личных данных'),
(102, 'Ваш DN:'),
(103, 'Контакты'),
(104, 'e-mail:'),
(105, 'Телефон:'),
(106, 'Мессенджер:'),
(107, 'Разное'),
(108, 'Проекты'),
(109, 'Категории задач'),
(110, 'и програмное обеспечение:'),
(111, 'Выберите виртуальные организации для проверки:'),
(112, '(вы состоите в этой организации)'),
(113, 'проверить'),
(114, 'Выбор ВО по умолчанию'),
(115, 'Выберите ВО, используемую по умолчанию:'),
(116, 'Выберите ВО...'),
(117, 'Временный сертификат myproxy'),
(118, 'Укажите параметры доступа к серверу myproxy'),
(119, '(вы не состоите в этой организации)'),
(120, 'Проект не содержит ни одной ВО'),
(121, 'Ошибка !!!'),
(122, 'Завершена'),
(123, 'в очереди: R'),
(124, 'Доступ запрещен'),
(125, 'Проект'),
(126, 'Не найдена'),
(127, 'Пустая загрузка'),
(128, 'удалена'),
(129, 'Профиль'),
(130, 'настройка задачи'),
(131, 'предупреждения'),
(132, 'Неопределен'),
(133, 'к анализу'),
(134, 'Статистика'),
(135, 'управление файлами'),
(136, 'в подготовке'),
(137, 'в очереди: R'),
(138, 'выполнена в LRMS'),
(139, 'Название проекта'),
(140, 'Профиль'),
(141, 'Имя задачи'),
(142, 'Количество запусков'),
(143, 'Дата создания'),
(145, 'Создать задачу'),
(146, 'Описание'),
(147, 'в очереди: Q'),
(148, 'в очереди на запуск'),
(150, 'Всего $1 элементов. Отображать'),
(151, 'по'),
(152, 'Все'),
(153, 'Авторизация не пройдена. Уточните параметры в $1профиле$2, или введите заново параметры вручную.'),
(213, NULL),
(212, 'Файлы профиля'),
(156, '<p>описание</p>'),
(157, 'Тест 2'),
(158, '<p>Тест 2&nbsp;</p>'),
(181, 'Тест CPU & RAM'),
(163, 'ошибка'),
(164, 'страница не найдена'),
(167, 'TEST'),
(168, 'Моделирование лесных пожаров'),
(170, '<p style=\"text-align: center;\">в результате теста будет выполнена команда <strong>sleep&nbsp;</strong></p>\r\n<p><strong><img style=\"display: block; margin-left: auto; margin-right: auto;\" title=\"sleep\" src=\"../../../../../images/projects/sleep_script.jpg\" alt=\"sleep\" width=\"250\" height=\"150\" /><br /></strong></p>'),
(173, 'имя проекта'),
(183, '<p style=\"text-align: center;\">В результате теста будет произведена проверка</p>\r\n<p style=\"text-align: center;\">процессоров и опертивной памяти кластеров</p>\r\n<p style=\"text-align: center;\"><strong><img title=\"sleep\" src=\"../../../../../images/projects/test_cpu_&amp;_ram.jpg\" alt=\"sleep\" width=\"250\" height=\"150\" /></strong><br /><br /></p>'),
(176, 'редактировать'),
(177, 'редактировать в мастере'),
(178, 'удалить'),
(179, 'Страница автоматически обновится через'),
(180, 'сек'),
(185, 'Разработчики'),
(186, 'просмотр'),
(187, 'запуск'),
(188, 'всего:'),
(189, 'Завершено:'),
(190, 'В процессе:'),
(191, 'С ошибками:'),
(192, 'Неизвестно:'),
(193, 'Добавить запись'),
(194, 'Опции'),
(195, 'Просмотреть'),
(196, 'Просмотреть'),
(197, 'Обновить'),
(210, '<p style=\"text-align: justify;\"><span style=\"white-space: pre;\">&nbsp; </span>Эксперимент представляет примеры разработки математических моделей развития пожаров при различных начальных условиях. предлагаются пути дальнейшего развития полевой модели пожаров с использованием известных комплексов программного обеспечения, а именно: FDS, Farsite, smokview, biheve.</p>\r\n<p><strong><img style=\"display: block; margin-left: auto; margin-right: auto;\" title=\"sleep\" src=\"../../../../../images/projects/forest_fire2.jpg\" alt=\"sleep\" width=\"250\" height=\"150\" /></strong></p>\r\n<p><strong><strong><img style=\"display: block; margin-left: auto; margin-right: auto;\" title=\"sleep\" src=\"../../../../../images/projects/forest_fire3.jpg\" alt=\"sleep\" width=\"250\" height=\"150\" /></strong></strong></p>\r\n<p><strong><strong><strong><img style=\"display: block; margin-left: auto; margin-right: auto;\" title=\"sleep\" src=\"../../../../../images/projects/forest_fire1.jpg\" alt=\"forest_fire\" width=\"250\" height=\"150\" /></strong><br /></strong></strong></p>'),
(208, 'Управление задачами'),
(202, 'дек'),
(209, 'Вы не можете создавать задачи в этом проекте.'),
(211, 'Статистика задачи'),
(214, 'июл'),
(215, 'янв'),
(216, NULL),
(217, NULL),
(218, NULL),
(219, 'TEST glite'),
(220, '<p><strong>Тест системы glite - В стадии разработки&nbsp;</strong></p>\r\n<p>должно выполнять</p>\r\n<p>glite-ce-job-submit --vo crimeaeco -d --autm-delegation -r &nbsp;glite.univ.kiev.ua/cream-pbs-ukraine ./test.jdl</p>');

DROP TABLE IF EXISTS `lng_snippets`;
CREATE TABLE `lng_snippets` (
  `id` int(10) unsigned NOT NULL auto_increment,
  `name` varchar(255) /*!40101 collate utf8_bin */ default NULL,
  `num_placeholders` int(10) unsigned NOT NULL default '0',
  `description` text /*!40101 collate utf8_bin */,
  `is_external` tinyint(1) default '0',
  PRIMARY KEY  (`id`),
  UNIQUE KEY `name` (`name`)
) ENGINE=MyISAM AUTO_INCREMENT=221 /*!40101 DEFAULT CHARSET=utf8 */ /*!40101 COLLATE=utf8_bin */;

INSERT INTO `lng_snippets` VALUES
(1, 'top-menu.main', 0, 'Пункты главного меню', 0),
(2, 'top-menu.projects', 0, 'Пункты главного меню', 0),
(3, 'top-menu.tasks', 0, 'Пункты главного меню', 0),
(6, 'top-menu.grid-certificates', 0, 'Пункты главного меню', 0),
(7, 'top-menu.virtual-organizations', 0, 'Пункты главного меню', 0),
(8, 'top.title', 0, 'Шапка сайта', 0),
(9, 'top.version', 0, 'Шапка сайта', 0),
(10, 'logged-block.greeting', 0, 'Окошко профиля', 0),
(15, 'logged-block.not-in-vo', 0, '', 0),
(12, 'logged-block.exit-btn', 0, 'Окошко профиля', 0),
(16, 'detail', 0, '', 0),
(17, 'tasklist.id', 0, '', 0),
(18, 'tasklist.name', 0, '', 0),
(19, 'tasklist.xrsl_command', 0, '', 0),
(20, 'tasklist.state', 0, '', 0),
(21, 'tasklist.date', 0, '', 0),
(22, 'tasklist.xrsl-presence', 0, '', 0),
(23, 'options', 0, '', 0),
(24, 'tasklist.add-new', 0, '', 0),
(25, 'rename', 0, '', 0),
(26, 'task.run', 0, '', 0),
(27, 'task.delete', 0, '', 0),
(28, 'task.files', 0, '', 0),
(29, 'error.usermessage', 0, '', 0),
(30, 'xrls_edit.taskset', 0, '', 0),
(31, 'xrls_edit.server', 0, '', 0),
(32, 'upload_files.uploadfilemsg', 0, '', 0),
(33, 'upload_files.uploadfiles', 0, '', 0),
(34, 'upload_files.sendfile', 0, '', 0),
(35, 'upload_files.sendfileslist', 0, '', 0),
(36, 'xrls_edit.username', 0, '', 0),
(37, 'xrls_edit.password', 0, '', 0),
(38, 'xrls_edit.max-time', 0, '', 0),
(39, 'xrls_edit.starting-task', 0, '', 0),
(40, 'edit.help-test-task', 0, '', 0),
(41, 'edit.help-alt', 0, '', 0),
(42, 'tasklist.statetitle', 0, '', 0),
(43, 'task.state.submitted', 0, '', 0),
(44, 'task.state.prepared', 0, '', 0),
(45, 'top-menu.analyze', 0, '', 0),
(46, 'task.go-to-current-task', 0, '', 0),
(47, 'task.go-to-list', 0, '', 0),
(48, 'task.state.inlrms: q', 0, '', 0),
(49, 'task.analyze', 0, '', 0),
(50, 'tasklist.no-task', 0, '', 0),
(51, 'login', 0, '', 0),
(52, 'password', 0, '', 0),
(53, 'profile.myproxy.cert_ttl', 0, '', 0),
(54, 'profile.myproxy.day', 0, '', 0),
(55, 'profile.myproxy.week', 0, '', 0),
(56, 'profile.myproxy.month', 0, '', 0),
(57, 'profile.myproxy.6month', 0, '', 0),
(58, 'save', 0, '', 0),
(59, 'profile.myproxy.not-register', 0, '', 0),
(60, 'THEI', 0, '', 0),
(61, 'thei.org.ua', 0, '', 0),
(62, '7512', 0, '', 0),
(63, 'GRID.ORG.UA', 0, '', 0),
(64, 'grid.org.ua', 0, '', 0),
(65, 'server', 0, '', 0),
(66, 'profile.myproxy.select-server', 0, '', 0),
(67, 'THEI.ORG.UA', 0, '', 0),
(68, 'task.stop', 0, '', 0),
(69, 'task.get-result', 0, '', 0),
(70, 'task.delete-1', 0, '', 0),
(71, 'task.delete-2', 0, '', 0),
(72, 'task.delete-4', 0, '', 0),
(73, 'task.delete-5', 0, '', 0),
(74, 'task.delete-3', 0, '', 0),
(75, 'xrls_edit.get-task', 0, '', 0),
(76, 'xrls_edit.cancel', 0, '', 0),
(77, 'xrls_edit.get', 0, '', 0),
(78, 'xrls_edit.success', 0, '', 0),
(79, 'task.controller.RecordAddSucsess', 0, '', 0),
(80, 'task.controller.RecordRemoveSucsess', 0, '', 0),
(81, 'edit.addNewTask', 0, '', 0),
(84, 'edit.name', 0, '', 0),
(87, 'xrls_edit.start-task', 0, '', 0),
(85, 'TaskList.no', 0, '', 0),
(86, 'TaskList.present', 0, '', 0),
(88, 'xrls_edit.go-to-task-list', 0, '', 0),
(89, 'Task.controller.task-run-success', 0, '', 0),
(90, 'Task.controller.task-run-fail', 0, '', 0),
(99, 'profile.check-voms', 0, '', 0),
(98, 'profile.private-data', 0, '', 0),
(97, 'edit.renameTask', 0, '', 0),
(95, 'Task.model.myproxy-success-proceed', 0, '', 0),
(96, 'Task.model.rusk-run-success', 0, '', 0),
(100, 'profile.temparal-cert-voms', 0, '', 0),
(101, 'profile.chenge-privat-data', 0, '', 0),
(102, 'profile.you-dn', 0, '', 0),
(103, 'profile.contacts', 0, '', 0),
(104, 'profile.e-mail', 0, '', 0),
(105, 'profile.phon', 0, '', 0),
(106, 'profile.messager', 0, '', 0),
(107, 'profile.different', 0, '', 0),
(108, 'profile.projects', 0, '', 0),
(109, 'profile.task-type', 0, '', 0),
(110, 'profile.software', 0, '', 0),
(111, 'profile.enter-voms-for-check', 0, '', 0),
(112, 'profile.you-member-vo', 0, '', 0),
(113, 'profile.check', 0, '', 0),
(114, 'default-vo', 0, '', 0),
(115, 'enter-defaul-vo', 0, '', 0),
(116, 'enter-vo', 0, '', 0),
(117, 'project-temporary-cert', 0, '', 0),
(118, 'enter-parametrs-myproxy', 0, '', 0),
(119, 'profile.you-not-member-vo', 0, '', 0),
(120, 'project-not-contains-vo', 0, '', 0),
(121, 'task.state.failed', 0, '', 0),
(122, 'task.state.finished', 0, '', 0),
(123, 'task.state.inlrms: r', 0, '', 0),
(124, 'access denided', 0, '', 0),
(125, 'edit.project', 0, '', 0),
(126, 'xrsl-empty-notfound', 0, '', 0),
(127, 'xrsl-empty-download', 0, '', 0),
(128, 'task.state.deleted', 0, '', 0),
(129, 'edit.profile', 0, '', 0),
(130, 'xrls_edit.go-to-task-customize', 0, '', 0),
(131, 'task.warnings', 0, '', 0),
(132, 'task.state.undefined', 0, '', 0),
(133, 'task.to-analyze', 0, '', 0),
(134, 'top-menu.results', 0, '', 0),
(135, 'xrls_edit.manage-files', 0, '', 0),
(136, 'task.state.preparing', 0, '', 0),
(137, 'task.state.inlrms:r', 0, '', 0),
(138, 'task.state.executed', 0, '', 0),
(139, 'taskset.list.project', 0, '', 0),
(140, 'taskset.list.profile', 0, '', 0),
(141, 'taskset.list.name', 0, '', 0),
(142, 'taskset.list.num-submits', 0, '', 0),
(143, 'taskset.list.create-date', 0, '', 0),
(145, 'project.create-new', 0, '', 0),
(146, 'project.description', 0, '', 0),
(147, 'task.state.inlrms:q', 0, '', 0),
(148, 'task.state.inqueue', 0, '', 0),
(150, 'paginator.form-label', 1, '', 0),
(151, 'paginator.till', 0, '', 0),
(152, 'paginator.all', 0, '', 0),
(153, 'myproxy.auth-fail', 2, '', 0),
(211, 'task-view.task_statistics', 0, '', 0),
(156, 'project.6.text', 0, '', 0),
(157, 'project.5.name', 0, '', 1),
(158, 'project.5.text', 0, '', 1),
(183, 'project.11.text', 0, '', 1),
(181, 'project.11.name', 0, '', 1),
(212, 'task-set-customize.fails', 0, '', 0),
(209, 'project.do-not-create', 0, '', 0),
(163, 'error', 0, '', 0),
(164, 'page-not-found', 0, '', 0),
(188, 'TaskSet-list-total', 0, '', 0),
(167, 'project.4.name', 0, '', 1),
(168, 'project.1.name', 0, '', 1),
(214, 'ydate.jul', 0, '', 0),
(170, 'project.4.text', 0, '', 1),
(193, 'admin_list-add-record', 0, '', 0),
(215, 'ydate.jan', 0, '', 0),
(187, 'TaskSet-list-launch', 0, '', 0),
(186, 'TaskSet-list-view', 0, '', 0),
(173, 'project_name', 0, '', 0),
(185, 'frontend-developers', 0, '', 0),
(176, 'task-set.edit', 0, '', 0),
(177, 'task-set.edit-in-master', 0, '', 0),
(178, 'task-set.delete', 0, '', 0),
(179, 'task-set.update.str1', 0, '', 0),
(180, 'task-set.update.sec', 0, '', 0),
(189, 'TaskSet-list-complite', 0, '', 0),
(190, 'TaskSet-list-in-progres', 0, '', 0),
(191, 'TaskSet-list-with-erors', 0, '', 0),
(192, 'TaskSet-list-unknown', 0, '', 0),
(194, 'admin_list-options', 0, '', 0),
(195, 'admin_list-view', 0, '', 0),
(196, 'admin_list-edit', 0, '', 0),
(197, 'TaskSet-view-update', 0, '', 0),
(210, 'project.1.text', 0, '', 1),
(202, 'ydate.dec', 0, '', 0),
(213, 'ydate.nov', 0, '', 0),
(208, 'task-set.tasks', 0, '', 0),
(216, 'ydate.sep', 0, '', 0),
(217, 'task-set.update.updating', 0, '', 0),
(218, 'ydate.oct', 0, '', 0),
(219, 'project.12.name', 0, '', 1),
(220, 'project.12.text', 0, '', 1);

DROP TABLE IF EXISTS `lng_ua`;
CREATE TABLE `lng_ua` (
  `snippet_id` int(10) unsigned default NULL,
  `text` text /*!40101 collate utf8_bin */,
  UNIQUE KEY `snippet_id` (`snippet_id`)
) ENGINE=MyISAM /*!40101 DEFAULT CHARSET=utf8 */ /*!40101 COLLATE=utf8_bin */;

INSERT INTO `lng_ua` VALUES
(1, 'Головна'),
(2, 'Проекти'),
(3, 'Завдання'),
(7, 'Віртуальні організації'),
(6, 'Сертификати'),
(8, 'Кримський екологічний Грід портал'),
(9, 'Версія'),
(10, 'Вітаємо Вас'),
(15, 'Ви не перебуваєте в потрібній VO'),
(12, 'Вихід'),
(16, 'детальніше'),
(17, 'id завдання'),
(18, 'Ім\'я завдання'),
(19, 'команда_xrsl'),
(20, 'статус'),
(21, 'дата'),
(22, 'наявність xrls'),
(23, 'опції'),
(24, 'Додати нове завдання'),
(25, 'перейменувати'),
(26, 'запуск'),
(27, 'видалити'),
(28, 'файли'),
(29, 'Вибачте, сталася помилка! Наші фахівці вже працюють над її усуненням.'),
(30, 'Установка параметрів запуску завдання'),
(31, 'сервер myproxy:'),
(32, 'Завантаження файлів завдання на сервер'),
(33, 'вкажіть шлях до файлу'),
(34, 'Надіслати файл'),
(35, 'список файлів на сервері'),
(36, 'ім\'я користувача'),
(37, 'password'),
(38, 'max time'),
(39, 'Запуск завдання !'),
(40, 'Буде завантажений приклад тестового завдання який виконує команду /bin/sleep протягом 2850 секунд з використанням одного процесора'),
(41, 'Допомога'),
(42, 'статус'),
(43, 'прийнята'),
(44, 'приготовлена'),
(45, 'Аналіз'),
(46, 'перейти до поточного завдання'),
(47, 'до списку завдань'),
(48, 'в черзі: Q'),
(49, 'Аналіз'),
(50, 'немає жодного завдання'),
(51, 'логін'),
(52, 'пароль'),
(53, 'термін сертифіката'),
(54, 'день'),
(55, 'тиждень'),
(56, 'місяць'),
(57, 'місяців'),
(58, 'сберегти'),
(59, 'проводити реєстрацію щоразу в ручному режимі'),
(60, 'THEI'),
(61, 'thei.org.ua'),
(62, '7512'),
(63, 'GRID.ORG.UA'),
(64, 'GRID.ORG.UA'),
(65, 'сервер'),
(66, 'вкажіть сервер myproxy'),
(67, 'THEI.ORG.UA'),
(68, 'зупинити'),
(69, 'забрати'),
(70, 'Хочете видалити завдання?'),
(71, '(тестова)'),
(72, 'продовжити'),
(73, 'відмінити'),
(74, 'з усіма файлами'),
(75, 'Забрати файли завдання'),
(76, 'відмінити'),
(77, 'продовжити'),
(78, 'Файли завдання отримані'),
(79, 'Запис успішно доданий !'),
(80, 'Запис успішно видалений !'),
(81, 'Створення нового завдання'),
(84, 'Введіть ім\'я нового завдання:'),
(85, 'немає'),
(86, 'є'),
(87, 'Запуск'),
(88, 'Повернутися до списку завдань'),
(89, 'Завдання успішно запущене'),
(90, 'Не вдалося запустити завдання:'),
(97, 'Перейменувати завдання'),
(95, 'Запит Майпроксі вдало! продовжуємо:'),
(96, 'Завдання успішно запущене!'),
(98, 'Особисті дані'),
(99, 'Перевірка VOMS'),
(100, 'Tимчасовий сертифікат'),
(101, 'Зміна особистих даних'),
(102, 'Ваш DN:'),
(103, 'Контакти'),
(104, 'e-mail:'),
(105, 'Телефон:'),
(106, 'Месенджер:'),
(107, 'Різне'),
(108, 'Проекти'),
(109, 'Категорії завдань'),
(110, 'і програмне забезпечення:'),
(111, 'Виберіть віртуальні організації для перевірки:'),
(112, '(ви перебуваєте в цій організації)'),
(113, 'перевірити'),
(114, 'Вибір ВО за замовчуванням'),
(115, 'Виберіть ВО, використовувану за замовчунням:'),
(116, 'Виберіть ВО ...'),
(117, 'Тимчасовий сертифікат myproxy'),
(118, 'Вкажіть параметри доступу до сервера myproxy'),
(119, '(ви не перебуваєте в цій організації)'),
(120, 'Проект не містить жодної ВО'),
(121, 'Помилка !!!'),
(122, 'Завершена'),
(123, 'в черзі: R'),
(124, 'Доступ заборонений'),
(125, 'Проект'),
(126, 'Не знайдено'),
(127, 'Порожня завантаження'),
(128, 'видалена'),
(129, 'Профіль'),
(130, 'налаштування завдання'),
(131, 'попередження'),
(132, 'Невизначен'),
(133, 'до аналізу'),
(134, 'Статистика'),
(135, 'управління файлами'),
(136, 'у підготовці'),
(137, 'в черзі: R'),
(138, 'виконана в LRMS'),
(139, 'Назва проекту'),
(140, 'Профіль'),
(141, 'Ім\'я завдання'),
(142, 'Kількість запусків'),
(143, 'Дата створення'),
(145, 'Cтворити завдання'),
(146, 'Опис'),
(147, 'в черзі: Q'),
(148, 'у черзі на виконання'),
(150, 'Усього $1 элементов. Отображать'),
(151, 'по'),
(152, 'Всі'),
(153, 'Авторизація не пройдена. Уточніть параметри в $1профіле$2, або введіть ще раз параметри вручну.'),
(213, NULL),
(156, '<p>опис</p>'),
(157, 'Тест 2'),
(158, '<p>Тест 2</p>'),
(163, 'помилка'),
(164, 'сторінку не знайдено'),
(167, 'TEST'),
(168, 'Моделювання лісових пожеж'),
(170, '<p style=\"text-align: center;\"><span class=\"hps\">в</span><span>&nbsp;</span><span class=\"hps\">результаті тесту</span><span>&nbsp;</span><span class=\"hps\">буде</span><span>&nbsp;</span><span class=\"hps\">виконана</span><span>&nbsp;</span><span class=\"hps\">команда</span><span>&nbsp;</span><strong><span class=\"hps\">sleep</span></strong></p>\r\n<p><strong><img style=\"display: block; margin-left: auto; margin-right: auto;\" src=\"../../../../../images/projects/sleep_script.jpg\" alt=\"test_cpu_&amp;_ram\" width=\"250\" height=\"150\" /><br /></strong></p>'),
(173, 'ім\'я проекту'),
(176, 'редагувати'),
(177, 'редагувати в майстрі'),
(178, 'видалити'),
(179, 'Сторінка автоматично оновиться через'),
(180, 'сек'),
(181, 'Тест CPU & RAM'),
(183, '<p style=\"text-align: center;\"><span class=\"hps\">В</span><span>&nbsp;</span><span class=\"hps\">результаті тесту</span><span>&nbsp;</span><span class=\"hps\">буде</span><span>&nbsp;</span><span class=\"hps\">проведена</span><span>&nbsp;</span><span class=\"hps\">перевірка&nbsp;</span><span class=\"hps\">процесорів і</span>&nbsp;<span class=\"hps\">опертівной</span>&nbsp;<span class=\"hps\">пам\'яті</span>&nbsp;<span class=\"hps\">кластерів</span></p>\r\n<p><span class=\"hps\"><strong><img style=\"display: block; margin-left: auto; margin-right: auto;\" title=\"sleep\" src=\"../../../../../images/projects/test_cpu_&amp;_ram.jpg\" alt=\"sleep\" width=\"250\" height=\"150\" /></strong><br /></span></p>'),
(185, 'Розробники'),
(186, 'перегляд'),
(187, 'запуск'),
(188, 'всього:'),
(189, 'Завершено:'),
(190, 'В процесі:'),
(191, 'З помилками:'),
(192, 'невідомо:'),
(193, 'Додати запис'),
(194, 'Опції'),
(195, 'Переглянути'),
(196, 'Переглянути'),
(197, 'Оновити'),
(210, '<p style=\"text-align: justify;\"><span style=\"white-space: pre;\">&nbsp; </span>Експеремент являє приклади розробки математичних моделей розвитку пожеж за різних початкових умов. Запропоновуются шляхи подальшого розвитку польової моделі пожеж з використанням відомих комплексів програмного забезпечення, а саме: FDS, Farsite, smokview, biheve.</p>\r\n<p><strong><img style=\"display: block; margin-left: auto; margin-right: auto;\" title=\"sleep\" src=\"../../../../../images/projects/forest_fire2.jpg\" alt=\"sleep\" width=\"250\" height=\"150\" /></strong></p>\r\n<p><strong><strong><img style=\"display: block; margin-left: auto; margin-right: auto;\" title=\"sleep\" src=\"../../../../../images/projects/forest_fire3.jpg\" alt=\"sleep\" width=\"250\" height=\"150\" /></strong></strong></p>\r\n<p><strong><strong><strong><img style=\"display: block; margin-left: auto; margin-right: auto;\" title=\"sleep\" src=\"../../../../../images/projects/forest_fire1.jpg\" alt=\"forest_fire\" width=\"250\" height=\"150\" /></strong></strong></strong></p>\r\n<p style=\"text-align: justify;\">&nbsp;</p>'),
(208, 'Керування завданнями'),
(202, 'гру'),
(215, 'січ'),
(216, NULL),
(209, 'Ви не можете створювати завдання в цьому проекті.'),
(214, NULL),
(211, 'Статистика задачі'),
(212, 'Файли профілю'),
(217, NULL),
(218, NULL),
(219, 'TEST glite'),
(220, '<p><strong><span class=\"hps\">Тест</span>&nbsp;<span class=\"hps\">системи</span>&nbsp;<span class=\"hps\">glite</span>&nbsp;<span class=\"hps\">- В</span>&nbsp;<span class=\"hps\">стадії</span>&nbsp;<span class=\"hps\">розробки</span></strong><br /><br /><span class=\"hps\">має виконувати:</span></p>\r\n<p><span class=\"hps\">glite-ce-job-submit --vo crimeaeco -d --autm-delegation -r &nbsp;glite.univ.kiev.ua/cream-pbs-ukraine ./test.jdl<br /></span></p>');

DROP TABLE IF EXISTS `myproxy_servers`;
CREATE TABLE `myproxy_servers` (
  `id` int(10) unsigned NOT NULL auto_increment,
  `name` varchar(255) /*!40101 collate utf8_bin */ default NULL,
  `url` text /*!40101 collate utf8_bin */,
  `port` int(11) default NULL,
  `user_defined` int(10) unsigned default '0',
  PRIMARY KEY  (`id`)
) ENGINE=MyISAM AUTO_INCREMENT=12 /*!40101 DEFAULT CHARSET=utf8 */ /*!40101 COLLATE=utf8_bin */;

INSERT INTO `myproxy_servers` VALUES
(1, 'thei.org.ua', 'thei.org.ua', 7512, 0),
(2, 'grid.org.ua', 'grid.org.ua', 7512, 0);

DROP TABLE IF EXISTS `page`;
CREATE TABLE `page` (
  `id` int(10) unsigned NOT NULL auto_increment,
  `title` text /*!40101 collate utf8_bin */ NOT NULL,
  `alias` varchar(255) /*!40101 collate utf8_bin */ NOT NULL,
  `body` text /*!40101 collate utf8_bin */,
  `author` int(10) unsigned NOT NULL,
  `published` char(1) /*!40101 collate utf8_bin */ default '0',
  `locked` char(1) /*!40101 collate utf8_bin */ default '0',
  `meta_description` text /*!40101 collate utf8_bin */,
  `meta_keywords` text /*!40101 collate utf8_bin */,
  `modif_date` int(10) unsigned default '0',
  `create_date` int(10) unsigned default '0',
  PRIMARY KEY  (`id`),
  KEY `alias` (`alias`)
) ENGINE=MyISAM AUTO_INCREMENT=5 /*!40101 DEFAULT CHARSET=utf8 */ /*!40101 COLLATE=utf8_bin */;

INSERT INTO `page` VALUES
(1, 'Главная страница', 'main', '<p>Добро пожаловать в ГРИД!</p><p>&nbsp;</p><p>В скором времени:</p><ul style=\"list-style: disc;\"><li>регистрация новых пользователей&nbsp;</li><li>авторизация по сертификату&nbsp;</li><li>мультиязычность&nbsp;</li></ul>', 1, '1', '1', '', '', 1309216069, 1309215473),
(2, 'Сертификаты для Грид', 'grid-certificates', '<p>Список сертификатов появится немного позже</p>', 1, '1', '1', '', '', 1309215506, 1309215506),
(3, 'Виртуальные организации', 'virtual-organizations', '<p>Список виртуальных организаций появиться немного позже.</p>', 1, '1', '1', '', '', 1309215532, 1309215525),
(4, 'Вступление в виртуальную организацию', 'join-vo', '<p>Как вступить в ВО.</p>', 3, '1', '0', '', '', 1311096724, 1311096724);

DROP TABLE IF EXISTS `pages`;
CREATE TABLE `pages` (
  `id` int(10) unsigned NOT NULL auto_increment,
  `alias` varchar(255) /*!40101 collate utf8_bin */ NOT NULL,
  `type` tinyint(3) unsigned NOT NULL default '1',
  `author` int(10) unsigned NOT NULL,
  `published` char(1) /*!40101 collate utf8_bin */ default '0',
  `locked` char(1) /*!40101 collate utf8_bin */ default '0',
  `modif_date` int(10) unsigned default '0',
  `create_date` int(10) unsigned default '0',
  PRIMARY KEY  (`id`),
  KEY `alias` (`alias`)
) ENGINE=MyISAM AUTO_INCREMENT=6 /*!40101 DEFAULT CHARSET=utf8 */ /*!40101 COLLATE=utf8_bin */;

INSERT INTO `pages` VALUES
(1, 'main', 1, 1, '1', '0', 1325557856, 1316504239),
(2, 'virtual-organizations', 1, 2, '1', '0', 1316546628, 1316546628),
(3, 'projects', 1, 2, '1', '0', 1317364079, 1316547171),
(4, '4', 2, 2, '1', '0', 1321392551, 1316797163),
(5, 'developers', 1, 2, '1', '1', 1324666523, 1324666523);

DROP TABLE IF EXISTS `pages_en`;
CREATE TABLE `pages_en` (
  `page_id` int(10) unsigned NOT NULL,
  `title` text /*!40101 collate utf8_bin */,
  `body` text /*!40101 collate utf8_bin */,
  `meta_description` text /*!40101 collate utf8_bin */,
  `meta_keywords` text /*!40101 collate utf8_bin */,
  PRIMARY KEY  (`page_id`)
) ENGINE=MyISAM /*!40101 DEFAULT CHARSET=utf8 */ /*!40101 COLLATE=utf8_bin */;

INSERT INTO `pages_en` VALUES
(1, 'main page', '<h1 style=\"vertical-align: bottom;\"><img style=\"vertical-align: bottom;\" title=\"Main\" onmouseover=\"this.src=\'/images/icons/home.a.gif\' \" onmouseout=\"this.src=\'/images/icons/home.gif\'\" src=\"../../../../../images/icons/home.gif\" alt=\"Main\" width=\"32\" height=\"32\" align=\"center\" />&nbsp;<span style=\"font-size: x-large; font-family: tahoma, arial, helvetica, sans-serif;\">Main</span></h1>\r\n<p><span class=\"hps\" style=\"font-size: medium;\">To work</span><span style=\"font-size: medium;\">&nbsp;</span><span class=\"hps\" style=\"font-size: medium;\">on</span><span style=\"font-size: medium;\">&nbsp;</span><span class=\"hps\" style=\"font-size: medium;\">the Grid</span><span style=\"font-size: medium;\">&nbsp;</span><span class=\"hps\" style=\"font-size: medium;\">portal</span><span style=\"font-size: medium;\">&nbsp;</span><span class=\"hps\" style=\"font-size: medium;\">is required</span><span style=\"font-size: medium;\">&nbsp;</span><span class=\"hps\" style=\"font-size: medium;\">to download and</span><span style=\"font-size: medium;\">&nbsp;</span><span class=\"hps\" style=\"font-size: medium;\">configure the</span><span style=\"font-size: medium;\">&nbsp;</span><span class=\"hps\" style=\"font-size: medium;\">utility:</span></p>\r\n<p><span style=\"font-size: medium;\">Certificate Managment Wizard for Grid</span></p>\r\n<h3><span class=\"hps\">Run</span>&nbsp;<span class=\"hps\">using</span> java WebStart</h3>\r\n<p><a href=\"http://www.thei.org.ua/grid/myproxy.jnlp\">http://www.thei.org.ua/grid/myproxy.jnlp</a></p>\r\n<script src=\"http://www.java.com/js/deployJava.js\" type=\"text/javascript\"></script>\r\n<script type=\"text/javascript\">// <![CDATA[\r\n      deployJava.createWebStartLaunchButton(\"http://www.thei.org.ua/grid/myproxy.jnlp\", \"1.6.0\");\r\n// ]]></script>\r\n<p>&nbsp;</p>', NULL, NULL),
(2, NULL, NULL, NULL, NULL),
(3, NULL, '<p><strong>Under development</strong></p>', NULL, NULL),
(4, NULL, '<p><strong>Welcome new user Grid-portal We are glad to see you!</strong><br /><br /><strong>Please fill out a profile for that would simplify</strong><br /><br /><strong> with the portal in the future.</strong></p>', NULL, NULL),
(5, NULL, NULL, NULL, NULL);

DROP TABLE IF EXISTS `pages_ru`;
CREATE TABLE `pages_ru` (
  `page_id` int(10) unsigned NOT NULL,
  `title` text /*!40101 collate utf8_bin */,
  `body` text /*!40101 collate utf8_bin */,
  `meta_description` text /*!40101 collate utf8_bin */,
  `meta_keywords` text /*!40101 collate utf8_bin */,
  PRIMARY KEY  (`page_id`)
) ENGINE=MyISAM /*!40101 DEFAULT CHARSET=utf8 */ /*!40101 COLLATE=utf8_bin */;

INSERT INTO `pages_ru` VALUES
(1, 'Главная страница', '<h1 style=\"vertical-align: bottom;\"><img style=\"vertical-align: bottom;\" title=\"Главная\" onmouseover=\"this.src=\'/images/icons/home.a.gif\' \" onmouseout=\"this.src=\'/images/icons/home.gif\'\" src=\"../../../../../images/icons/home.gif\" alt=\"Главная\" width=\"32\" height=\"32\" align=\"center\" />&nbsp;<span style=\"font-size: x-large; font-family: tahoma, arial, helvetica, sans-serif;\">Главная</span></h1>\r\n<h1><span style=\"font-size: medium;\">Для работы на грид портале требуется скачать и настроить утилиту:</span></h1>\r\n<p><span style=\"font-size: medium;\">Certificate Managment Wizard for Grid</span></p>\r\n<h3>Запустить используя java WebStart</h3>\r\n<p><a href=\"http://www.thei.org.ua/grid/myproxy.jnlp\">http://www.thei.org.ua/grid/myproxy.jnlp</a></p>\r\n<script src=\"http://www.java.com/js/deployJava.js\" type=\"text/javascript\"></script>\r\n<script type=\"text/javascript\">// <![CDATA[\r\n      deployJava.createWebStartLaunchButton(\"http://www.thei.org.ua/grid/myproxy.jnlp\", \"1.6.0\");\r\n// ]]></script>', NULL, NULL),
(2, 'Виртуальные организации', '<p>...</p>', NULL, NULL),
(3, 'Проекты', '<p><strong>В стадии разработки&nbsp;</strong></p>', NULL, NULL),
(4, 'приветствие в профиле', '<p><strong>Здравствуйте, новый пользователь Grid-портала! Мы рады Вас видеть!</strong></p>\r\n<p><strong>Пожалуйста, заполните профиль для того, что бы упростить работу</strong></p>\r\n<p><strong>&nbsp;с порталом в дальнейшем.&nbsp;</strong></p>', NULL, NULL),
(5, 'Разработчики', '<p>тут будет список разаработчиков</p>', NULL, NULL);

DROP TABLE IF EXISTS `pages_ua`;
CREATE TABLE `pages_ua` (
  `page_id` int(10) unsigned NOT NULL,
  `title` text /*!40101 collate utf8_bin */,
  `body` text /*!40101 collate utf8_bin */,
  `meta_description` text /*!40101 collate utf8_bin */,
  `meta_keywords` text /*!40101 collate utf8_bin */,
  PRIMARY KEY  (`page_id`)
) ENGINE=MyISAM /*!40101 DEFAULT CHARSET=utf8 */ /*!40101 COLLATE=utf8_bin */;

INSERT INTO `pages_ua` VALUES
(1, NULL, '<h1 style=\"vertical-align: bottom;\"><img style=\"vertical-align: bottom;\" title=\"Головна\" onmouseover=\"this.src=\'/images/icons/home.a.gif\' \" onmouseout=\"this.src=\'/images/icons/home.gif\'\" src=\"../../../../../images/icons/home.gif\" alt=\"Головна\" width=\"32\" height=\"32\" align=\"center\" />&nbsp;<span style=\"font-size: x-large; font-family: tahoma, arial, helvetica, sans-serif;\">Головна</span></h1>\r\n<p><span class=\"hps\" style=\"font-size: medium;\">Для</span><span style=\"font-size: medium;\">&nbsp;</span><span class=\"hps\" style=\"font-size: medium;\">роботи</span><span style=\"font-size: medium;\">&nbsp;</span><span class=\"hps\" style=\"font-size: medium;\">на</span><span style=\"font-size: medium;\">&nbsp;</span><span class=\"hps\" style=\"font-size: medium;\">грід</span><span style=\"font-size: medium;\">&nbsp;</span><span class=\"hps\" style=\"font-size: medium;\">порталі</span><span style=\"font-size: medium;\">&nbsp;</span><span class=\"hps\" style=\"font-size: medium;\">потрібно</span><span style=\"font-size: medium;\">&nbsp;</span><span class=\"hps\" style=\"font-size: medium;\">скачати і</span><span style=\"font-size: medium;\">&nbsp;</span><span class=\"hps\" style=\"font-size: medium;\">налаштувати</span><span style=\"font-size: medium;\">&nbsp;</span><span class=\"hps\" style=\"font-size: medium;\">утиліту</span><span style=\"font-size: medium;\">:</span></p>\r\n<p><span style=\"font-size: medium;\">Certificate Managment Wizard for Grid</span></p>\r\n<h3><span class=\"hps\">Запустити</span>&nbsp;<span class=\"hps\">використовуючи</span> java WebStart</h3>\r\n<p><a href=\"http://www.thei.org.ua/grid/myproxy.jnlp\">http://www.thei.org.ua/grid/myproxy.jnlp</a></p>\r\n<script src=\"http://www.java.com/js/deployJava.js\" type=\"text/javascript\"></script>\r\n<script type=\"text/javascript\">// <![CDATA[\r\n      deployJava.createWebStartLaunchButton(\"http://www.thei.org.ua/grid/myproxy.jnlp\", \"1.6.0\");\r\n// ]]></script>\r\n<p>&nbsp;</p>', NULL, NULL),
(2, NULL, NULL, NULL, NULL),
(3, NULL, '<p><strong>В стадіі розробки</strong></p>', NULL, NULL),
(4, NULL, '<p><strong>Доброго дня, новий користувач Grid-порталу! Ми раді Вас бачити!</strong><br /><br /><strong>Будь ласка, заповніть профіль для того, щоб спростити роботу</strong><br /><br /><strong> з порталом надалі.</strong></p>', NULL, NULL),
(5, NULL, NULL, NULL, NULL);

DROP TABLE IF EXISTS `project_allowed_voms`;
CREATE TABLE `project_allowed_voms` (
  `project_id` int(10) unsigned NOT NULL default '0',
  `voms_id` int(10) unsigned NOT NULL default '0',
  PRIMARY KEY  (`project_id`,`voms_id`)
) ENGINE=MyISAM /*!40101 DEFAULT CHARSET=utf8 */ /*!40101 COLLATE=utf8_bin */;

INSERT INTO `project_allowed_voms` VALUES
(1, 3),
(4, 3),
(4, 4),
(4, 5),
(4, 6),
(4, 7),
(11, 3),
(11, 4),
(11, 5),
(11, 6),
(11, 7),
(12, 3),
(12, 4);

DROP TABLE IF EXISTS `projects`;
CREATE TABLE `projects` (
  `id` int(10) unsigned NOT NULL auto_increment,
  `name_key` varchar(50) /*!40101 collate utf8_bin */ default NULL,
  `text_key` varchar(50) /*!40101 collate utf8_bin */ default NULL,
  `priority` int(11) default '0',
  PRIMARY KEY  (`id`)
) ENGINE=MyISAM AUTO_INCREMENT=13 /*!40101 DEFAULT CHARSET=utf8 */ /*!40101 COLLATE=utf8_bin */;

INSERT INTO `projects` VALUES
(1, 'project.1.name', 'project.1.text', 1),
(4, 'project.4.name', 'project.4.text', 3),
(11, 'project.11.name', 'project.11.text', 2),
(12, 'project.12.name', 'project.12.text', 0);

DROP TABLE IF EXISTS `software`;
CREATE TABLE `software` (
  `id` int(10) unsigned NOT NULL auto_increment,
  `name` varchar(255) /*!40101 collate utf8_bin */ default NULL,
  `project_id` int(10) unsigned default NULL,
  PRIMARY KEY  (`id`)
) ENGINE=MyISAM AUTO_INCREMENT=4 /*!40101 DEFAULT CHARSET=utf8 */ /*!40101 COLLATE=utf8_bin */;

INSERT INTO `software` VALUES
(1, 'FDS симулятор', 1);

DROP TABLE IF EXISTS `task_profiles`;
CREATE TABLE `task_profiles` (
  `id` int(10) unsigned NOT NULL auto_increment,
  `is_user_defined` tinyint(1) default NULL,
  `uid` int(10) unsigned default NULL,
  `name` varchar(255) /*!40101 collate utf8_bin */ default NULL,
  `is_gridjob_loaded` tinyint(1) NOT NULL default '0',
  `project_id` int(10) unsigned default NULL,
  `create_date` int(10) unsigned default NULL,
  PRIMARY KEY  (`id`)
) ENGINE=MyISAM AUTO_INCREMENT=11 /*!40101 DEFAULT CHARSET=utf8 */ /*!40101 COLLATE=utf8_bin */;

INSERT INTO `task_profiles` VALUES
(7, 0, 2, 'base', 1, 4, 1320949691),
(6, 0, 2, 'Forest-fire1_Big', 1, 1, 1318970130),
(5, 0, 2, 'Forest-fire2_Big', 0, 1, 1318970102),
(10, 0, 1, 'glite-base', 0, 12, 1325874947),
(9, 0, 2, 'base', 1, 11, 1324698005);

DROP TABLE IF EXISTS `task_sets`;
CREATE TABLE `task_sets` (
  `id` int(10) unsigned NOT NULL auto_increment,
  `uid` int(10) unsigned default NULL,
  `project_id` int(10) unsigned default NULL,
  `profile_id` int(10) unsigned default NULL,
  `name` varchar(255) /*!40101 collate utf8_bin */ default NULL,
  `gridjob_name` varchar(255) /*!40101 collate utf8_bin */ default NULL,
  `is_gridjob_loaded` tinyint(1) default '0',
  `num_submits` int(10) unsigned default NULL,
  `create_date` int(10) unsigned default NULL,
  PRIMARY KEY  (`id`)
) ENGINE=MyISAM AUTO_INCREMENT=88 /*!40101 DEFAULT CHARSET=utf8 */ /*!40101 COLLATE=utf8_bin */;

INSERT INTO `task_sets` VALUES
(11, 14, 4, 7, 'test', 'Test job on CrimeaEco VO', 1, 0, 1320955257),
(53, 1, 4, 7, 'latest', 'Test job with master', 1, 16, 1323736280),
(52, 1, 4, 7, 'test', 'Test job on CrimeaEco VO', 1, 3, 1323686252),
(54, 1, 4, 7, '13 дек тест 1', 'Test job on CrimeaEco VO', 1, 6, 1323802852),
(12, 14, 4, 0, 'ololo', 'Test job on CrimeaEco VO', 1, 7, 1320955941),
(57, 1, 1, 6, '2', 'forest fire2_openMP', 1, 0, 1323991149),
(58, 2, 4, 7, '16 дек попытка #1', 'Test job on CrimeaEco VO', 1, 16, 1324062333),
(60, 1, 4, 7, 'start', 'Test job on CrimeaEco VO', 1, 50, 1324062846),
(61, 1, 4, 7, 'New', 'Test job on CrimeaEco VO', 1, 25, 1324421372),
(56, 1, 4, 7, 'Status', 'Test job on CrimeaEco VO', 1, 7, 1323897828),
(24, 2, 1, 6, '1', 'forest fire2_openMP', 1, 0, 1321849650),
(26, 2, 1, 6, '111', 'forest fire2_openMP', 1, 0, 1321849703),
(27, 2, 4, 7, '25', 'Test job on CrimeaEco VO', 1, 2, 1321849763),
(28, 2, 1, 6, 'yurij-test', 'forest fire2_openMP', 1, 0, 1321978432),
(29, 2, 4, 7, 'проверка множителей', 'Test job on CrimeaEco VO', 1, 7, 1321987821),
(30, 2, 1, 6, 'TEST_MULTI', 'forest fire2_openMP', 1, 5, 1321995249),
(31, 2, 1, 6, 'TEST-MULTI2', 'forest fire2_openMP', 1, 1, 1321997792),
(32, 2, 1, 6, 'TEST-MULTI3', 'forest fire2_openMP', 1, 4, 1321998361),
(33, 2, 1, 6, 'test1', 'forest fire2_openMP', 1, 0, 1322042930),
(34, 2, 4, 7, 'TEST_MULTI_SIMPLE', 'Test job on CrimeaEco VO', 1, 2, 1322254046),
(35, 2, 4, 0, 'test22', NULL, 0, 0, 1322480514),
(36, 2, 4, 7, 'Test22', 'Test job on CrimeaEco VO', 1, 1, 1322480526),
(40, 2, 4, 7, 'TEST1', 'Test job on CrimeaEco VO', 1, 0, 1322862904),
(65, 2, 4, 7, 'tst', 'Test job on CrimeaEco VO', 1, 1, 1324580347),
(42, 1, 4, 7, 'qwe', 'Test job on CrimeaEco VO', 1, 9, 1322927461),
(44, 2, 4, 7, 'start', 'Test job on CrimeaEco VO', 1, 2, 1323387813),
(45, 2, 1, 6, 'new', 'forest fire2_openMP', 1, 2, 1323443287),
(67, 23, 2, 0, 'asdfghjk', NULL, 0, 0, 1324667732),
(68, 23, 4, 7, 'hjkl;\'', 'Test job on CrimeaEco VO', 1, 3, 1324667844),
(66, 14, 4, 7, 'proverka', 'Test job on CrimeaEco VO', 1, 4, 1324664855),
(48, 1, 4, 7, 'new22', 'Test job on CrimeaEco VO', 1, 10, 1323457071),
(49, 1, 4, 7, 'mega new', 'Test job on CrimeaEco VO', 1, 435, 1323466131),
(50, 2, 4, 7, 'test', 'Test job on CrimeaEco VO', 1, 19, 1323467714),
(71, 2, 4, 7, '22', 'Test job on CrimeaEco VO', 1, 12, 1324700298),
(70, 2, 11, 9, 'NEW~', 'TEST CPU & RAM', 1, 21, 1324698887),
(72, 2, 1, 6, 'test~', 'forest fire2_openMP', 1, 1, 1324700486),
(76, 24, 4, 7, 'test', 'Test job on CrimeaEco VO', 1, 1, 1325009343),
(74, 2, 11, 9, '~~', 'TEST CPU & RAM', 1, 7, 1324826547),
(75, 23, 11, 9, 'Task', 'TEST CPU & RAM', 1, 1, 1324859908),
(77, 14, 11, 9, 'Test1', 'TEST CPU & RAM', 1, 2, 1325012263),
(82, 2, 4, 7, '1111', 'Test job on CrimeaEco VO', 1, 20, 1325128555),
(79, 2, 4, 7, 'proverka1', 'Test job on CrimeaEco VO', 1, 2, 1325014823),
(81, 1, 4, 7, '~~~~', 'Test job on CrimeaEco VO', 1, 5, 1325075372),
(83, 2, 11, 9, 'mega_new', 'TEST CPU & RAM', 1, 9, 1325571004),
(84, 2, 1, 0, 'test~~', NULL, 0, 0, 1325573485),
(85, 2, 1, 6, 'qqqq', 'forest fire2_openMP', 1, 1, 1325573504),
(86, 14, 11, 9, 'Start1', 'TEST CPU & RAM', 1, 5, 1325871134),
(87, 14, 12, 10, '123456', NULL, 0, 0, 1325875664);

DROP TABLE IF EXISTS `task_states`;
CREATE TABLE `task_states` (
  `id` int(10) unsigned NOT NULL auto_increment,
  `name` varchar(255) /*!40101 collate utf8_bin */ default NULL,
  `title` varchar(255) /*!40101 collate utf8_bin */ default NULL,
  PRIMARY KEY  (`id`)
) ENGINE=MyISAM AUTO_INCREMENT=18 /*!40101 DEFAULT CHARSET=utf8 */ /*!40101 COLLATE=utf8_bin */;

INSERT INTO `task_states` VALUES
(1, 'SUBMITTED', 'task.state.submitted'),
(2, 'ACCEPTING', 'task.state.accepting'),
(6, 'FAILED', 'task.state.failed'),
(4, 'FINISHED', 'task.state.finished'),
(5, 'INLRMS', 'task.state.inlrms'),
(7, 'INLRMS: R', 'task.state.inlrms: r'),
(8, 'INLRMS: Q', 'task.state.inlrms: q'),
(9, 'DELETED', 'task.state.deleted'),
(10, 'PREPARED', 'task.state.prepared'),
(11, 'INLRMS:R', 'task.state.inlrms:r'),
(12, 'PREPARING', 'task.state.preparing'),
(13, 'INLRMS:Q', 'task.state.inlrms:q'),
(14, 'EXECUTED', 'task.state.executed'),
(15, 'INLRMS: E', 'task.state.inlrms: e'),
(16, 'INLRMS: O', 'task.state.inlrms: o'),
(17, 'SUBMITTING', 'task.state.submitting');

DROP TABLE IF EXISTS `task_submit_queue`;
CREATE TABLE `task_submit_queue` (
  `trigger_task_id` int(10) unsigned default NULL,
  `dependent_task_id` int(10) unsigned default NULL,
  `error_code` int(11) default '0'
) ENGINE=MyISAM /*!40101 DEFAULT CHARSET=utf8 */ /*!40101 COLLATE=utf8_bin */;

INSERT INTO `task_submit_queue` VALUES
(125, 126, 0),
(117, 120, 0),
(117, 119, 0),
(117, 118, 0),
(117, 122, 0),
(127, 128, 0),
(131, 132, 0),
(133, 134, 0),
(133, 135, 0),
(133, 136, 0),
(137, 138, 0),
(137, 139, 0),
(137, 140, 0),
(141, 142, 0),
(162, 165, 0),
(162, 164, 0),
(162, 163, 0),
(171, 172, 0),
(171, 173, 0),
(171, 174, 0),
(171, 175, 0),
(171, 176, 0),
(171, 177, 0),
(171, 178, 0),
(194, 195, 0),
(194, 196, 0),
(194, 197, 0),
(194, 198, 0),
(194, 199, 0),
(194, 200, 0),
(194, 201, 0),
(194, 202, 0),
(194, 203, 0),
(204, 205, 0),
(204, 206, 0),
(204, 207, 0),
(204, 208, 0),
(204, 209, 0),
(204, 210, 0),
(204, 211, 0),
(204, 212, 0),
(204, 213, 0),
(214, 215, 0),
(214, 216, 0),
(214, 217, 0),
(214, 218, 0),
(214, 219, 0),
(214, 220, 0),
(214, 221, 0),
(214, 222, 0),
(214, 223, 0),
(224, 225, 0),
(1427, 1431, 0),
(1356, 1357, 0),
(1353, 1355, 0),
(1353, 1354, 0),
(1350, 1352, 0),
(1350, 1351, 0),
(1427, 1430, 0),
(1427, 1429, 0),
(1359, 1361, 0),
(1345, 1348, 0),
(1345, 1347, 0),
(1345, 1346, 0),
(1341, 1344, 0),
(1341, 1343, 0),
(1341, 1342, 0),
(1331, 1340, 0),
(1331, 1339, 0),
(1331, 1338, 0),
(1331, 1337, 0),
(1331, 1336, 0),
(1331, 1335, 0),
(1331, 1334, 0),
(1301, 1307, 0),
(1301, 1306, 0),
(1301, 1305, 0),
(1301, 1304, 0),
(1453, 1457, 0),
(1331, 1333, 0),
(1331, 1332, 0),
(1321, 1330, 0),
(1321, 1329, 0),
(1321, 1328, 0),
(1321, 1327, 0),
(1321, 1326, 0),
(1321, 1325, 0),
(1321, 1324, 0),
(1321, 1323, 0),
(1321, 1322, 0),
(1311, 1320, 0),
(1311, 1319, 0),
(1301, 1303, 0),
(1301, 1302, 0),
(1291, 1300, 0),
(1291, 1299, 0),
(1291, 1298, 0),
(1453, 1456, 0),
(1453, 1455, 0),
(1359, 1360, 0),
(1291, 1295, 0),
(1291, 1296, 0),
(1291, 1294, 0),
(1291, 1293, 0),
(1285, 1288, 0),
(1291, 1292, 0),
(1291, 1297, 0),
(1285, 1287, 0),
(1285, 1286, 0),
(1223, 1227, 0),
(1223, 1226, 0),
(1223, 1225, 0),
(1223, 1224, 0),
(1194, 1196, 0),
(1194, 1195, 0),
(1311, 1318, 0),
(1311, 1317, 0),
(1311, 1316, 0),
(1453, 1454, 0),
(1427, 1428, 0),
(1356, 1358, 0),
(1311, 1315, 0),
(1311, 1314, 0),
(1311, 1313, 0),
(1046, 1050, 0),
(1046, 1049, 0),
(1046, 1048, 0),
(1046, 1047, 0),
(1311, 1312, 0),
(1301, 1310, 0),
(1301, 1309, 0),
(1301, 1308, 0);

DROP TABLE IF EXISTS `task_submits`;
CREATE TABLE `task_submits` (
  `id` bigint(10) unsigned NOT NULL auto_increment,
  `set_id` int(10) unsigned default NULL,
  `uid` int(10) unsigned default NULL,
  `index` int(10) unsigned default NULL,
  `prefered_server` varchar(255) /*!40101 collate utf8_bin */ default NULL,
  `jobid` varchar(255) /*!40101 collate utf8_bin */ default NULL,
  `status` smallint(6) default NULL,
  `is_submitted` smallint(6) default NULL,
  `is_completed` smallint(6) default NULL,
  `is_fetched` tinyint(1) default NULL,
  `create_date` int(10) unsigned default NULL,
  `start_date` int(10) unsigned default NULL,
  `finish_date` int(10) unsigned default NULL,
  PRIMARY KEY  (`id`)
) ENGINE=MyISAM AUTO_INCREMENT=1458 /*!40101 DEFAULT CHARSET=utf8 */ /*!40101 COLLATE=utf8_bin */;

INSERT INTO `task_submits` VALUES
(328, 49, 1, 35, '', 'gsiftp://midas.iop.kiev.ua:2811/jobs/2379113235273532131186436', 4, 2, 1, 0, NULL, 1323527354, NULL),
(35, 12, 14, 1, NULL, 'gsiftp://uagrid.org.ua:2811/jobs/2851213210308041802459082', 4, 1, 1, 1, NULL, 1321030386, NULL),
(357, 49, 1, 64, '', 'gsiftp://midas.iop.kiev.ua:2811/jobs/2646613235276731441340910', 4, 2, 1, 0, NULL, 1323527674, NULL),
(1391, 81, 1, 3, 'thei.org.ua', 'gsiftp://thei.org.ua:2811/jobs/2883413250757661064146294', 6, 2, 2, 0, NULL, 1325075767, 1325076183),
(359, 49, 1, 66, '', 'gsiftp://uagrid.org.ua:2811/jobs/2374513235280691732773435', 4, 2, 1, 0, NULL, 1323527615, NULL),
(360, 49, 1, 67, '', 'gsiftp://uagrid.org.ua:2811/jobs/235621323528060297239771', 4, 2, 1, 0, NULL, 1323527605, NULL),
(361, 49, 1, 68, '', 'gsiftp://uagrid.org.ua:2811/jobs/2237813235280501271054953', 4, 2, 1, 0, NULL, 1323527596, NULL),
(1390, 81, 1, 2, 'thei.org.ua', 'gsiftp://thei.org.ua:2811/jobs/289511325075767604478082', 6, 2, 2, 0, NULL, 1325075768, 1325076183),
(1187, 60, 1, 44, '', 'gsiftp://midas.iop.kiev.ua:2811/jobs/2471613240649171119048625', 4, 2, 1, 0, NULL, 1324064918, 1324070402),
(1188, 60, 1, 45, '', 'gsiftp://midas.iop.kiev.ua:2811/jobs/242521324064881262443300', 6, 2, 2, 0, NULL, 1324064881, 1324065065),
(352, 49, 1, 59, '', 'gsiftp://midas.iop.kiev.ua:2811/jobs/2755313235277691246804079', 4, 2, 1, 0, NULL, 1323527770, NULL),
(1189, 60, 1, 46, '', 'gsiftp://midas.iop.kiev.ua:2811/jobs/24042132406485128428820', 6, 2, 2, 0, NULL, 1324064851, 1324065064),
(1190, 60, 1, 47, '', 'gsiftp://pamela.imp.kiev.ua:2811/jobs/74001324064824123143563', 4, 2, 1, 0, NULL, 1324064825, 1324067943),
(1191, 60, 1, 48, '', 'gsiftp://midas.iop.kiev.ua:2811/jobs/2311713240647681336591674', 4, 2, 1, 0, NULL, 1324064769, 1324069204),
(1192, 60, 1, 49, '', 'gsiftp://midas.iop.kiev.ua:2811/jobs/227871324064749674177598', 4, 2, 1, 1, NULL, 1324064749, 1324069985),
(346, 49, 1, 53, '', 'gsiftp://midas.iop.kiev.ua:2811/jobs/2901813235278911722514365', 4, 2, 1, 0, NULL, 1323527891, NULL),
(347, 49, 1, 54, '', 'gsiftp://midas.iop.kiev.ua:2811/jobs/2875113235278731824593741', 4, 2, 1, 0, NULL, 1323527873, NULL),
(78, 27, 2, 1, NULL, NULL, NULL, 0, 0, 0, NULL, NULL, NULL),
(79, 27, 2, 2, NULL, 'gsiftp://uagrid.org.ua:2811/jobs/2029113218503991574922680', 4, 2, 1, 0, NULL, 1321849966, NULL),
(330, 49, 1, 37, '', 'gsiftp://west.icmp.lviv.ua:2811/jobs/289971323528247832280374', 4, 2, 1, 0, NULL, 1323528248, NULL),
(88, 29, 2, 6, NULL, 'gsiftp://thei.org.ua:2811/jobs/211661321988671900988277', 4, 2, 1, 1, NULL, 1321988672, NULL),
(91, 29, 2, 7, 'thei.org.ua', 'gsiftp://thei.org.ua:2811/jobs/523413219937021864852924', 4, 2, 1, 0, NULL, 1321993702, NULL),
(92, 29, 2, 8, 'thei.org.ua', 'gsiftp://thei.org.ua:2811/jobs/1097113219943372051818804', 4, 2, 1, 0, NULL, 1321994337, NULL),
(93, 29, 2, 9, 'thei.org.ua', 'gsiftp://thei.org.ua:2811/jobs/111131321994339131595460', 4, 2, 1, 0, NULL, 1321994339, NULL),
(94, 29, 2, 10, 'thei.org.ua', 'gsiftp://thei.org.ua:2811/jobs/141511321994659782430768', 4, 2, 1, 0, NULL, 1321994660, NULL),
(95, 29, 2, 11, 'thei.org.ua', 'gsiftp://thei.org.ua:2811/jobs/1653413219948651509595921', 4, 2, 1, 0, NULL, 1321994865, NULL),
(96, 29, 2, 12, 'thei.org.ua', 'gsiftp://thei.org.ua:2811/jobs/164021321994863396586138', 4, 2, 1, 0, NULL, 1321994864, NULL),
(97, 30, 2, 1, 'uagrid.org.ua', 'gsiftp://uagrid.org.ua:2811/jobs/137141321995752949456109', 6, 2, 2, 0, NULL, 1321995435, NULL),
(98, 30, 2, 2, 'uagrid.org.ua', 'gsiftp://uagrid.org.ua:2811/jobs/260561321996278927162361', 6, 2, 2, 0, NULL, 1321995940, NULL),
(99, 30, 2, 3, 'uagrid.org.ua', 'gsiftp://uagrid.org.ua:2811/jobs/236611321996165254680817', 6, 2, 2, 0, NULL, 1321995841, NULL),
(100, 30, 2, 4, 'thei.org.ua', 'gsiftp://thei.org.ua:2811/jobs/287401321996051280205925', 6, 2, 2, 0, NULL, 1321996066, NULL),
(101, 30, 2, 5, 'thei.org.ua', 'gsiftp://thei.org.ua:2811/jobs/508013219968841151740098', 6, 2, 2, 0, NULL, 1321996895, NULL),
(102, 31, 2, 1, 'thei.org.ua', 'gsiftp://thei.org.ua:2811/jobs/171591321998062933506057', 6, 2, 2, 0, NULL, 1321998082, NULL),
(103, 32, 2, 1, 'uagrid.org.ua', 'gsiftp://uagrid.org.ua:2811/jobs/259581321998890386553862', 4, 2, 1, 0, NULL, 1321998562, NULL),
(104, 32, 2, 2, 'uagrid.org.ua', 'gsiftp://uagrid.org.ua:2811/jobs/3190213219991001853414732', 4, 2, 1, 1, NULL, 1321998771, NULL),
(105, 32, 2, 3, 'thei.org.ua', 'gsiftp://thei.org.ua:2811/jobs/2347813219987351399365620', 4, 2, 1, 0, NULL, 1321998750, NULL),
(106, 32, 2, 4, 'thei.org.ua', 'gsiftp://thei.org.ua:2811/jobs/2714813219991541991951050', 4, 2, 1, 0, NULL, 1321999172, NULL),
(108, 34, 2, 2, 'thei.org.ua', 'gsiftp://thei.org.ua:2811/jobs/268721322254257238512725', 4, 2, 1, 1, NULL, 1322254262, NULL),
(111, 36, 2, 1, 'thei.org.ua', 'gsiftp://thei.org.ua:2811/jobs/1866513224808601272932447', 4, 2, 1, 0, NULL, 1322480863, NULL),
(227, 45, 2, 2, '', 'gsiftp://cluster.ilt.kharkov.ua:2811/jobs/248181323443412242531513', 4, 2, 1, 1, NULL, 1323443495, NULL),
(1051, 45, 2, 3, '', 'gsiftp://cluster.ilt.kharkov.ua:2811/jobs/29281323813522192015435', 4, 2, 1, 0, NULL, 1323813611, NULL),
(225, 44, 2, 2, NULL, NULL, NULL, 0, 0, 0, NULL, NULL, NULL),
(224, 44, 2, 1, 'thei.org.ua', 'gsiftp://thei.org.ua:2811/jobs/1033513233878721050944676', 4, 2, 1, 0, NULL, 1323387875, NULL),
(287, 34, 2, 3, NULL, NULL, NULL, 0, 0, 0, NULL, NULL, NULL),
(170, 42, 1, 1, 'thei.org.ua', 'gsiftp://thei.org.ua:2811/jobs/199811323196521217514403', 4, 2, 1, 0, NULL, 1323196526, NULL),
(1389, 81, 1, 1, 'thei.org.ua', 'gsiftp://thei.org.ua:2811/jobs/2422613250754121528011823', 6, 2, 2, 0, NULL, 1325075413, 1325075763),
(356, 49, 1, 63, '', 'gsiftp://midas.iop.kiev.ua:2811/jobs/266751323527691274057336', 4, 2, 1, 0, NULL, 1323527692, NULL),
(351, 49, 1, 58, '', 'gsiftp://midas.iop.kiev.ua:2811/jobs/2802113235277982094533171', 4, 2, 1, 0, NULL, 1323527799, NULL),
(345, 49, 1, 52, '', 'gsiftp://midas.iop.kiev.ua:2811/jobs/292861323527910236460340', 4, 2, 1, 0, NULL, 1323527910, NULL),
(292, 50, 2, 9, '', 'gsiftp://cluster.ilt.kharkov.ua:2811/jobs/19393132347360874195204', 4, 2, 1, 0, NULL, 1323473609, NULL),
(291, 50, 2, 8, '', 'gsiftp://cluster.ilt.kharkov.ua:2811/jobs/205151323473617473427350', 4, 2, 1, 0, NULL, 1323473618, NULL),
(290, 50, 2, 7, '', 'gsiftp://cluster.ilt.kharkov.ua:2811/jobs/2067813234736321401537422', 4, 2, 1, 0, NULL, 1323473632, NULL),
(289, 50, 2, 6, '', 'gsiftp://cluster.ilt.kharkov.ua:2811/jobs/1738413234733661762443725', 4, 2, 1, 0, NULL, 1323473367, NULL),
(171, 42, 1, 2, '', 'gsiftp://cluster.ilt.kharkov.ua:2811/jobs/189091323197083282284698', 4, 2, 1, 1, NULL, 1323197084, NULL),
(172, 42, 1, 3, NULL, NULL, NULL, 0, 0, 0, NULL, NULL, NULL),
(173, 42, 1, 4, NULL, NULL, NULL, 0, 0, 0, NULL, NULL, NULL),
(174, 42, 1, 5, NULL, NULL, NULL, 0, 0, 0, NULL, NULL, NULL),
(175, 42, 1, 6, NULL, NULL, NULL, 0, 0, 0, NULL, NULL, NULL),
(176, 42, 1, 7, NULL, NULL, NULL, 0, 0, 0, NULL, NULL, NULL),
(177, 42, 1, 8, NULL, NULL, NULL, 0, 0, 0, NULL, NULL, NULL),
(178, 42, 1, 9, NULL, NULL, NULL, 0, 0, 0, NULL, NULL, NULL),
(363, 49, 1, 70, '', 'gsiftp://west.icmp.lviv.ua:2811/jobs/175511323532315584783715', 4, 2, 1, 0, NULL, 1323532316, NULL),
(362, 49, 1, 69, '', 'gsiftp://arc.biomed.kiev.ua:2811/jobs/1081813235313911355664152', 4, 2, 1, 0, NULL, 1323531392, NULL),
(388, 49, 1, 95, '', 'gsiftp://midas.iop.kiev.ua:2811/jobs/95241323531748149519512', 4, 2, 1, 0, NULL, 1323531748, NULL),
(1413, 82, 2, 17, 'thei.org.ua', 'gsiftp://thei.org.ua:2811/jobs/99613255675871599141379', 4, 2, 1, 0, NULL, 1325567587, 1325573942),
(379, 49, 1, 86, '', 'gsiftp://midas.iop.kiev.ua:2811/jobs/123121323531944668868575', 4, 2, 1, 0, NULL, 1323531945, NULL),
(380, 49, 1, 87, '', 'gsiftp://midas.iop.kiev.ua:2811/jobs/1176513235319181065625812', 4, 2, 1, 0, NULL, 1323531918, NULL),
(383, 49, 1, 90, '', 'gsiftp://midas.iop.kiev.ua:2811/jobs/110351323531853426695190', 4, 2, 1, 0, NULL, 1323531854, NULL),
(384, 49, 1, 91, '', 'gsiftp://midas.iop.kiev.ua:2811/jobs/1076613235318351609699309', 4, 2, 1, 0, NULL, 1323531835, NULL),
(238, 48, 1, 1, 'thei.org.ua', 'gsiftp://thei.org.ua:2811/jobs/1510813234571571565830490', 4, 2, 1, 0, NULL, 1323457158, NULL),
(239, 48, 1, 2, 'thei.org.ua', 'gsiftp://thei.org.ua:2811/jobs/177641323457386333288996', 4, 2, 1, 0, NULL, 1323457386, NULL),
(240, 48, 1, 3, 'thei.org.ua', 'gsiftp://thei.org.ua:2811/jobs/1765513234573851574409626', 6, 2, 2, 0, NULL, 1323457385, NULL),
(241, 48, 1, 4, 'thei.org.ua', 'gsiftp://thei.org.ua:2811/jobs/175511323457384219804524', 6, 2, 2, 0, NULL, 1323457384, NULL),
(242, 48, 1, 5, 'thei.org.ua', 'gsiftp://thei.org.ua:2811/jobs/174711323457383163905394', 6, 2, 2, 0, NULL, 1323457383, NULL),
(387, 49, 1, 94, '', 'gsiftp://midas.iop.kiev.ua:2811/jobs/1004313235317702050123851', 4, 2, 1, 0, NULL, 1323531771, NULL),
(1456, 86, 14, 4, NULL, NULL, NULL, 0, 0, 0, NULL, NULL, NULL),
(337, 49, 1, 44, '', 'gsiftp://midas.iop.kiev.ua:2811/jobs/3154913235280811915724768', 4, 2, 1, 0, NULL, 1323528081, NULL),
(338, 49, 1, 45, '', 'gsiftp://midas.iop.kiev.ua:2811/jobs/312801323528061478773342', 4, 2, 1, 0, NULL, 1323528063, NULL),
(333, 49, 1, 40, '', 'gsiftp://midas.iop.kiev.ua:2811/jobs/6001323528163605682559', 4, 2, 1, 0, NULL, 1323528164, NULL),
(295, 49, 1, 2, '', 'gsiftp://west.icmp.lviv.ua:2811/jobs/87511323524284269570051', 4, 2, 1, 0, NULL, 1323524284, NULL),
(296, 49, 1, 3, '', 'gsiftp://midas.iop.kiev.ua:2811/jobs/234381323524241459989076', 4, 2, 1, 0, NULL, 1323524242, NULL),
(297, 49, 1, 4, '', 'gsiftp://west.icmp.lviv.ua:2811/jobs/83021323524221100125606', 4, 2, 1, 0, NULL, 1323524222, NULL),
(299, 49, 1, 6, '', 'gsiftp://midas.iop.kiev.ua:2811/jobs/2268013235241631629185920', 4, 2, 1, 1, NULL, 1323524164, NULL),
(342, 49, 1, 49, '', 'gsiftp://midas.iop.kiev.ua:2811/jobs/3034713235279891208248287', 4, 2, 1, 0, NULL, 1323527989, NULL),
(303, 49, 1, 10, '', 'gsiftp://midas.iop.kiev.ua:2811/jobs/2131113235240621522491126', 4, 2, 1, 0, NULL, 1323524062, NULL),
(305, 49, 1, 12, '', 'gsiftp://midas.iop.kiev.ua:2811/jobs/206291323523988102290527', 4, 2, 1, 0, NULL, 1323523989, NULL),
(306, 49, 1, 13, '', 'gsiftp://midas.iop.kiev.ua:2811/jobs/2034813235239731439928071', 4, 2, 1, 0, NULL, 1323523973, NULL),
(334, 49, 1, 41, '', 'gsiftp://midas.iop.kiev.ua:2811/jobs/3242813235281481939429573', 4, 2, 1, 0, NULL, 1323528148, NULL),
(309, 49, 1, 16, '', 'gsiftp://midas.iop.kiev.ua:2811/jobs/1949513235238941072316904', 4, 2, 1, 0, NULL, 1323523894, NULL),
(310, 49, 1, 17, '', 'gsiftp://midas.iop.kiev.ua:2811/jobs/192321323523878267526910', 4, 2, 1, 0, NULL, 1323523878, NULL),
(312, 49, 1, 19, '', 'gsiftp://midas.iop.kiev.ua:2811/jobs/1848113235237921712382234', 4, 2, 1, 0, NULL, 1323523792, NULL),
(313, 49, 1, 20, '', 'gsiftp://arc.biomed.kiev.ua:2811/jobs/121841323523775747351198', 4, 2, 1, 0, NULL, 1323523775, NULL),
(314, 49, 1, 21, '', 'gsiftp://arc.biomed.kiev.ua:2811/jobs/1190813235237522074158859', 4, 2, 1, 0, NULL, 1323523753, NULL),
(315, 49, 1, 22, '', 'gsiftp://arc.biomed.kiev.ua:2811/jobs/117861323523730186255273', 4, 2, 1, 0, NULL, 1323523731, NULL),
(316, 49, 1, 23, '', 'gsiftp://arc.biomed.kiev.ua:2811/jobs/116751323523715453454389', 4, 2, 1, 0, NULL, 1323523715, NULL),
(317, 49, 1, 24, '', 'gsiftp://uagrid.org.ua:2811/jobs/324813235241491911940634', 4, 2, 1, 0, NULL, 1323523694, NULL),
(318, 49, 1, 25, '', 'gsiftp://uagrid.org.ua:2811/jobs/20151323524140606679833', 4, 2, 1, 0, NULL, 1323523685, NULL),
(319, 49, 1, 26, '', 'gsiftp://uagrid.org.ua:2811/jobs/15321323524129524566896', 4, 2, 1, 0, NULL, 1323523674, NULL),
(320, 49, 1, 27, '', 'gsiftp://uagrid.org.ua:2811/jobs/3249713235241121880572902', 4, 2, 1, 0, NULL, 1323523657, NULL),
(321, 49, 1, 28, '', 'gsiftp://uagrid.org.ua:2811/jobs/320911323524102318850480', 4, 2, 1, 0, NULL, 1323523648, NULL),
(322, 49, 1, 29, '', 'gsiftp://uagrid.org.ua:2811/jobs/317611323524091180625562', 4, 2, 1, 0, NULL, 1323523637, NULL),
(323, 49, 1, 30, '', 'gsiftp://uagrid.org.ua:2811/jobs/3008113235240761361084393', 4, 2, 1, 0, NULL, 1323523622, NULL),
(324, 49, 1, 31, '', 'gsiftp://uagrid.org.ua:2811/jobs/2978813235240671928664053', 4, 2, 1, 0, NULL, 1323523612, NULL),
(325, 49, 1, 32, '', 'gsiftp://uagrid.org.ua:2811/jobs/284651323524054237309297', 4, 2, 1, 0, NULL, 1323523599, NULL),
(326, 49, 1, 33, '', 'gsiftp://uagrid.org.ua:2811/jobs/277981323524038411644996', 4, 2, 1, 0, NULL, 1323523584, NULL),
(327, 49, 1, 34, '', 'gsiftp://uagrid.org.ua:2811/jobs/264791323524028864348529', 4, 2, 1, 0, NULL, 1323523574, NULL),
(1454, 86, 14, 2, NULL, NULL, NULL, 0, 0, 0, NULL, NULL, NULL),
(294, 49, 1, 1, '', 'gsiftp://uagrid.org.ua:2811/jobs/201151323523862703949180', 4, 2, 1, 0, NULL, 1323523408, NULL),
(277, 50, 2, 1, 'thei.org.ua', 'gsiftp://thei.org.ua:2811/jobs/2561213234677731832375190', 4, 2, 1, 0, NULL, 1323467773, NULL),
(278, 50, 2, 2, 'thei.org.ua', 'gsiftp://thei.org.ua:2811/jobs/2755213234679462067472803', 4, 2, 1, 0, NULL, 1323467946, NULL),
(279, 50, 2, 3, 'thei.org.ua', 'gsiftp://thei.org.ua:2811/jobs/2744513234679451638157391', 4, 2, 1, 0, NULL, 1323467945, NULL),
(280, 50, 2, 4, 'thei.org.ua', 'gsiftp://thei.org.ua:2811/jobs/2731713234679441138588909', 4, 2, 1, 1, NULL, 1323467944, NULL),
(281, 50, 2, 5, 'thei.org.ua', 'gsiftp://thei.org.ua:2811/jobs/2723713234679431409368', 4, 2, 1, 1, NULL, 1323467944, NULL),
(375, 49, 1, 82, '', 'gsiftp://midas.iop.kiev.ua:2811/jobs/1338513235320271195625076', 4, 2, 1, 0, NULL, 1323532028, NULL),
(374, 49, 1, 81, '', 'gsiftp://midas.iop.kiev.ua:2811/jobs/136761323532044643051996', 4, 2, 1, 0, NULL, 1323532046, NULL),
(365, 49, 1, 72, '', 'gsiftp://midas.iop.kiev.ua:2811/jobs/1719513235322502105125320', 4, 2, 1, 0, NULL, 1323532251, NULL),
(366, 49, 1, 73, '', 'gsiftp://west.icmp.lviv.ua:2811/jobs/170151323532231362134003', 4, 2, 1, 0, NULL, 1323532232, NULL),
(368, 49, 1, 75, '', 'gsiftp://midas.iop.kiev.ua:2811/jobs/1572113235321701733791557', 4, 2, 1, 0, NULL, 1323532170, NULL),
(369, 49, 1, 76, '', 'gsiftp://midas.iop.kiev.ua:2811/jobs/1548413235321511378508801', 4, 2, 1, 0, NULL, 1323532152, NULL),
(370, 49, 1, 77, '', 'gsiftp://midas.iop.kiev.ua:2811/jobs/1512513235321301014227852', 4, 2, 1, 0, NULL, 1323532131, NULL),
(1380, 61, 1, 20, '', 'gsiftp://cluster.ilt.kharkov.ua:2811/jobs/125731325075226300505310', 4, 2, 1, 0, NULL, 1325075227, 1325078522),
(392, 49, 1, 99, '', 'gsiftp://midas.iop.kiev.ua:2811/jobs/886213235316681159277386', 4, 2, 1, 0, NULL, 1323531668, NULL),
(393, 49, 1, 100, '', 'gsiftp://uagrid.org.ua:2811/jobs/2154713235321021235659051', 4, 2, 1, 0, NULL, 1323531647, NULL),
(394, 49, 1, 101, '', 'gsiftp://uagrid.org.ua:2811/jobs/2007813235320891748566560', 4, 2, 1, 0, NULL, 1323531635, NULL),
(395, 49, 1, 102, '', 'gsiftp://uagrid.org.ua:2811/jobs/1986913235320781020400907', 4, 2, 1, 0, NULL, 1323531624, NULL),
(396, 49, 1, 103, '', 'gsiftp://midas.iop.kiev.ua:2811/jobs/72161323531487372464270', 4, 2, 1, 0, NULL, 1323531487, NULL),
(397, 49, 1, 104, '', 'gsiftp://midas.iop.kiev.ua:2811/jobs/118451323531923922599013', 4, 2, 1, 0, NULL, 1323531923, NULL),
(398, 49, 1, 105, '', 'gsiftp://midas.iop.kiev.ua:2811/jobs/1223013235319411589890531', 4, 2, 1, 0, NULL, 1323531942, NULL),
(400, 49, 1, 107, '', 'gsiftp://west.icmp.lviv.ua:2811/jobs/155581323532003975458113', 4, 2, 1, 0, NULL, 1323532004, NULL),
(401, 49, 1, 108, '', 'gsiftp://west.icmp.lviv.ua:2811/jobs/1588913235320491262361455', 4, 2, 1, 0, NULL, 1323532049, NULL),
(403, 49, 1, 110, '', 'gsiftp://midas.iop.kiev.ua:2811/jobs/144041323532094457224925', 4, 2, 1, 0, NULL, 1323532094, NULL),
(405, 49, 1, 112, '', 'gsiftp://midas.iop.kiev.ua:2811/jobs/1521113235321381803361518', 4, 2, 1, 0, NULL, 1323532138, NULL),
(406, 49, 1, 113, '', 'gsiftp://midas.iop.kiev.ua:2811/jobs/155141323532159784270338', 4, 2, 1, 0, NULL, 1323532159, NULL),
(1371, 61, 1, 17, 'thei.org.ua', 'gsiftp://thei.org.ua:2811/jobs/2364813250754061967015379', 6, 2, 2, 0, NULL, 1325075406, 1325075763),
(410, 49, 1, 117, '', 'gsiftp://midas.iop.kiev.ua:2811/jobs/171671323532242538852036', 4, 2, 1, 0, NULL, 1323532242, NULL),
(411, 49, 1, 118, '', 'gsiftp://midas.iop.kiev.ua:2811/jobs/172181323532260128586565', 4, 2, 1, 0, NULL, 1323532261, NULL),
(414, 49, 1, 121, '', 'gsiftp://midas.iop.kiev.ua:2811/jobs/181591323532328929624738', 4, 2, 1, 0, NULL, 1323532329, NULL),
(415, 49, 1, 122, '', 'gsiftp://midas.iop.kiev.ua:2811/jobs/183741323532346821967289', 4, 2, 1, 0, NULL, 1323532346, NULL),
(416, 49, 1, 123, '', 'gsiftp://midas.iop.kiev.ua:2811/jobs/1903813235323661178152236', 4, 2, 1, 0, NULL, 1323532367, NULL),
(1368, 61, 1, 14, 'thei.org.ua', 'gsiftp://thei.org.ua:2811/jobs/186251325074987246964273', 4, 2, 1, 0, NULL, 1325074987, 1325078102),
(422, 49, 1, 129, '', 'gsiftp://midas.iop.kiev.ua:2811/jobs/2090613235324902128845196', 4, 2, 1, 0, NULL, 1323532490, NULL),
(425, 49, 1, 132, '', 'gsiftp://midas.iop.kiev.ua:2811/jobs/2186813235325521521900548', 4, 2, 1, 0, NULL, 1323532553, NULL),
(426, 49, 1, 133, '', 'gsiftp://midas.iop.kiev.ua:2811/jobs/219231323532576971243715', 4, 2, 1, 0, NULL, 1323532576, NULL),
(427, 49, 1, 134, '', 'gsiftp://midas.iop.kiev.ua:2811/jobs/221531323532595258479518', 4, 2, 1, 0, NULL, 1323532596, NULL),
(428, 49, 1, 135, '', 'gsiftp://west.icmp.lviv.ua:2811/jobs/1941413235326201235199186', 4, 2, 1, 0, NULL, 1323532621, NULL),
(429, 49, 1, 136, '', 'gsiftp://west.icmp.lviv.ua:2811/jobs/196641323532639831633010', 4, 2, 1, 0, NULL, 1323532640, NULL),
(1397, 82, 2, 1, '', 'gsiftp://cluster.ilt.kharkov.ua:2811/jobs/12838132512865296384330', 4, 2, 1, 1, NULL, 1325128652, 1325131922),
(1367, 61, 1, 13, 'thei.org.ua', 'gsiftp://thei.org.ua:2811/jobs/145831325074622514458563', 4, 2, 1, 0, NULL, 1325074622, 1325077742),
(431, 49, 1, 138, '', 'gsiftp://pamela.imp.kiev.ua:2811/jobs/93691323532783318247330', 4, 2, 1, 0, NULL, 1323532783, NULL),
(432, 49, 1, 139, '', 'gsiftp://pamela.imp.kiev.ua:2811/jobs/145731323532856686886609', 4, 2, 1, 0, NULL, 1323532857, NULL),
(433, 49, 1, 140, '', 'gsiftp://pamela.imp.kiev.ua:2811/jobs/911013235327641117485889', 4, 2, 1, 0, NULL, 1323532764, NULL),
(434, 49, 1, 141, '', 'gsiftp://pamela.imp.kiev.ua:2811/jobs/1381113235328361981895101', 4, 2, 1, 0, NULL, 1323532837, NULL),
(435, 49, 1, 142, '', 'gsiftp://pamela.imp.kiev.ua:2811/jobs/958213235328111117102105', 4, 2, 1, 0, NULL, 1323532811, NULL),
(436, 49, 1, 143, '', 'gsiftp://west.icmp.lviv.ua:2811/jobs/2079413235327441108593250', 4, 2, 1, 0, NULL, 1323532745, NULL),
(437, 49, 1, 144, '', 'gsiftp://west.icmp.lviv.ua:2811/jobs/2064613235327211666095772', 4, 2, 1, 0, NULL, 1323532722, NULL),
(438, 49, 1, 145, '', 'gsiftp://west.icmp.lviv.ua:2811/jobs/2043813235326991911848998', 4, 2, 1, 0, NULL, 1323532700, NULL),
(439, 49, 1, 146, '', 'gsiftp://west.icmp.lviv.ua:2811/jobs/203791323532679782355436', 4, 2, 1, 0, NULL, 1323532679, NULL),
(440, 49, 1, 147, '', 'gsiftp://west.icmp.lviv.ua:2811/jobs/201521323532658724772220', 4, 2, 1, 0, NULL, 1323532658, NULL),
(441, 49, 1, 148, '', 'gsiftp://west.icmp.lviv.ua:2811/jobs/196571323532639831633010', 4, 2, 1, 0, NULL, 1323532640, NULL),
(442, 49, 1, 149, '', 'gsiftp://west.icmp.lviv.ua:2811/jobs/1930513235326191556268733', 4, 2, 1, 0, NULL, 1323532620, NULL),
(444, 49, 1, 151, '', 'gsiftp://midas.iop.kiev.ua:2811/jobs/219391323532577664352031', 4, 2, 1, 0, NULL, 1323532577, NULL),
(445, 49, 1, 152, '', 'gsiftp://midas.iop.kiev.ua:2811/jobs/218851323532555606285584', 4, 2, 1, 0, NULL, 1323532556, NULL),
(446, 49, 1, 153, '', 'gsiftp://midas.iop.kiev.ua:2811/jobs/212181323532538411609530', 4, 2, 1, 0, NULL, 1323532539, NULL),
(447, 49, 1, 154, '', 'gsiftp://midas.iop.kiev.ua:2811/jobs/209531323532509943213691', 4, 2, 1, 0, NULL, 1323532509, NULL),
(449, 49, 1, 156, '', 'gsiftp://west.icmp.lviv.ua:2811/jobs/1832613235324681302525269', 4, 2, 1, 0, NULL, 1323532469, NULL),
(450, 49, 1, 157, '', 'gsiftp://midas.iop.kiev.ua:2811/jobs/1997913235324281654964296', 4, 2, 1, 0, NULL, 1323532429, NULL),
(452, 49, 1, 159, '', 'gsiftp://pamela.imp.kiev.ua:2811/jobs/1481613235328771695658595', 4, 2, 1, 0, NULL, 1323532878, NULL),
(453, 49, 1, 160, '', 'gsiftp://pamela.imp.kiev.ua:2811/jobs/1508913235329001095965112', 4, 2, 1, 0, NULL, 1323532900, NULL),
(454, 49, 1, 161, '', 'gsiftp://pamela.imp.kiev.ua:2811/jobs/153581323532920189669155', 4, 2, 1, 0, NULL, 1323532923, NULL),
(455, 49, 1, 162, '', 'gsiftp://pamela.imp.kiev.ua:2811/jobs/1565313235329472107841985', 4, 2, 1, 0, NULL, 1323532948, NULL),
(456, 49, 1, 163, '', 'gsiftp://pamela.imp.kiev.ua:2811/jobs/1589113235329721583505260', 4, 2, 1, 0, NULL, 1323532972, NULL),
(457, 49, 1, 164, '', 'gsiftp://pamela.imp.kiev.ua:2811/jobs/1614713235329891227905569', 4, 2, 1, 0, NULL, 1323532990, NULL),
(458, 49, 1, 165, '', 'gsiftp://pamela.imp.kiev.ua:2811/jobs/1643913235330161928615074', 4, 2, 1, 0, NULL, 1323533017, NULL),
(459, 49, 1, 166, '', 'gsiftp://pamela.imp.kiev.ua:2811/jobs/166521323533034382940076', 4, 2, 1, 0, NULL, 1323533034, NULL),
(460, 49, 1, 167, '', 'gsiftp://pamela.imp.kiev.ua:2811/jobs/1703213235330591468992166', 4, 2, 1, 0, NULL, 1323533060, NULL),
(461, 49, 1, 168, '', 'gsiftp://pamela.imp.kiev.ua:2811/jobs/1728513235330781731524049', 4, 2, 1, 0, NULL, 1323533079, NULL),
(462, 49, 1, 169, '', 'gsiftp://pamela.imp.kiev.ua:2811/jobs/1750813235331001302280602', 4, 2, 1, 0, NULL, 1323533100, NULL),
(463, 49, 1, 170, '', 'gsiftp://pamela.imp.kiev.ua:2811/jobs/178291323533120368282677', 4, 2, 1, 0, NULL, 1323533121, NULL),
(1416, 82, 2, 20, 'thei.org.ua', 'gsiftp://thei.org.ua:2811/jobs/67713255675832123610107', 4, 2, 1, 0, NULL, 1325567583, 1325570822),
(1373, 61, 1, 19, 'thei.org.ua', 'gsiftp://thei.org.ua:2811/jobs/233321325075404967543839', 4, 2, 1, 0, NULL, 1325075404, 1325078522),
(1414, 82, 2, 18, 'thei.org.ua', 'gsiftp://thei.org.ua:2811/jobs/9031325567586119140795', 4, 2, 1, 0, NULL, 1325567586, 1325573942),
(1369, 61, 1, 15, 'thei.org.ua', 'gsiftp://thei.org.ua:2811/jobs/2393413250754091356311841', 6, 2, 2, 0, NULL, 1325075409, 1325075763),
(1370, 61, 1, 16, 'thei.org.ua', 'gsiftp://thei.org.ua:2811/jobs/237951325075408985894601', 6, 2, 2, 0, NULL, 1325075408, 1325075763),
(1381, 61, 1, 21, '', 'gsiftp://cluster.ilt.kharkov.ua:2811/jobs/1477813250754291630093471', 4, 2, 1, 0, NULL, 1325075429, 1325081222),
(1382, 61, 1, 22, '', 'gsiftp://uagrid.org.ua:2811/jobs/3228613250759642046899491', 4, 2, 1, 0, NULL, 1325075491, 1325107142),
(1383, 61, 1, 23, '', 'gsiftp://cluster.ilt.kharkov.ua:2811/jobs/15135132507544725301429', 4, 2, 1, 0, NULL, 1325075448, 1325081222),
(1384, 61, 1, 24, '', 'gsiftp://cluster.ilt.kharkov.ua:2811/jobs/1443713250754181305783080', 4, 2, 1, 0, NULL, 1325075419, 1325078522),
(1385, 61, 1, 25, '', 'gsiftp://uagrid.org.ua:2811/jobs/3179513250759381446082377', 4, 2, 1, 0, NULL, 1325075464, 1325104143),
(1372, 61, 1, 18, 'thei.org.ua', 'gsiftp://thei.org.ua:2811/jobs/2348013250754051066133670', 6, 2, 2, 0, NULL, 1325075405, 1325075763),
(1417, 82, 2, 21, '', 'gsiftp://cluster.ilt.kharkov.ua:2811/jobs/251641325567177853913655', 4, 2, 1, 0, NULL, 1325567177, 1325570882),
(1457, 86, 14, 5, NULL, NULL, NULL, 0, 0, 0, NULL, NULL, NULL),
(1455, 86, 14, 3, NULL, NULL, NULL, 0, 0, 0, NULL, NULL, NULL),
(1453, 86, 14, 1, 'thei.org.ua', 'gsiftp://thei.org.ua:2811/jobs/2291913258712181789144738', NULL, 1, 0, 0, NULL, 1325871218, NULL),
(1422, 82, 2, 26, '', 'gsiftp://cluster.ilt.kharkov.ua:2811/jobs/2914713255675812068188991', 4, 2, 1, 0, NULL, 1325567582, 1325570882),
(464, 49, 1, 171, '', 'gsiftp://uagrid.org.ua:2811/jobs/400613235338762141226495', 4, 2, 1, 0, NULL, 1323533422, NULL),
(465, 49, 1, 172, '', 'gsiftp://west.icmp.lviv.ua:2811/jobs/52611323535504624897851', 4, 2, 1, 0, NULL, 1323535504, NULL),
(466, 49, 1, 173, '', 'gsiftp://west.icmp.lviv.ua:2811/jobs/478613235354831629264137', 4, 2, 1, 0, NULL, 1323535483, NULL),
(467, 49, 1, 174, '', 'gsiftp://west.icmp.lviv.ua:2811/jobs/43391323535463967145130', 4, 2, 1, 0, NULL, 1323535463, NULL),
(468, 49, 1, 175, '', 'gsiftp://west.icmp.lviv.ua:2811/jobs/38021323535432732970395', 4, 2, 1, 0, NULL, 1323535433, NULL),
(469, 49, 1, 176, '', 'gsiftp://west.icmp.lviv.ua:2811/jobs/33611323535411677800930', 4, 2, 1, 0, NULL, 1323535411, NULL),
(470, 49, 1, 177, '', 'gsiftp://west.icmp.lviv.ua:2811/jobs/292713235353901689905271', 4, 2, 1, 0, NULL, 1323535391, NULL),
(1184, 60, 1, 41, '', 'gsiftp://midas.iop.kiev.ua:2811/jobs/2559913240649771120914284', 6, 2, 2, 0, NULL, 1324064978, 1324065065),
(1185, 60, 1, 42, '', 'gsiftp://midas.iop.kiev.ua:2811/jobs/253951324064956304285107', 6, 2, 2, 0, NULL, 1324064956, 1324065065),
(1186, 60, 1, 43, '', 'gsiftp://midas.iop.kiev.ua:2811/jobs/249991324064937414311519', 4, 2, 1, 0, NULL, 1324064938, 1324069203),
(479, 49, 1, 186, '', 'gsiftp://uagrid.org.ua:2811/jobs/2003313235349111451790525', 4, 2, 1, 0, NULL, 1323534457, NULL),
(480, 49, 1, 187, '', 'gsiftp://grid.isma.kharkov.ua:2811/jobs/273801323534080673595207', 4, 2, 1, 0, NULL, 1323534083, NULL),
(481, 49, 1, 188, '', 'gsiftp://grid.isma.kharkov.ua:2811/jobs/267101323534053590912659', 4, 2, 1, 0, NULL, 1323534054, NULL),
(482, 49, 1, 189, '', 'gsiftp://grid.isma.kharkov.ua:2811/jobs/2607513235340321307610211', 4, 2, 1, 0, NULL, 1323534034, NULL),
(483, 49, 1, 190, '', 'gsiftp://grid.isma.kharkov.ua:2811/jobs/256541323534014347869855', 4, 2, 1, 0, NULL, 1323534016, NULL),
(484, 49, 1, 191, '', 'gsiftp://grid.isma.kharkov.ua:2811/jobs/253281323533995748246779', 4, 2, 1, 0, NULL, 1323533997, NULL),
(485, 49, 1, 192, '', 'gsiftp://grid.ipm.lviv.ua:2811/jobs/845013235339741763858447', 4, 2, 1, 0, NULL, 1323533974, NULL),
(486, 49, 1, 193, '', 'gsiftp://grid.ipm.lviv.ua:2811/jobs/8102132353395529469429', 4, 2, 1, 0, NULL, 1323533955, NULL),
(488, 49, 1, 195, '', 'gsiftp://pamela.imp.kiev.ua:2811/jobs/2388813235339301121852050', 4, 2, 1, 0, NULL, 1323533930, NULL),
(1183, 60, 1, 40, '', 'gsiftp://midas.iop.kiev.ua:2811/jobs/261081324065007597536484', 4, 2, 1, 0, NULL, 1324065008, 1324071184),
(490, 49, 1, 197, '', 'gsiftp://pamela.imp.kiev.ua:2811/jobs/236341323533911408870392', 4, 2, 1, 0, NULL, 1323533911, NULL),
(491, 49, 1, 198, '', 'gsiftp://pamela.imp.kiev.ua:2811/jobs/2343913235338941531760781', 4, 2, 1, 0, NULL, 1323533894, NULL),
(493, 49, 1, 200, '', 'gsiftp://pamela.imp.kiev.ua:2811/jobs/231771323533876782131863', 4, 2, 1, 0, NULL, 1323533877, NULL),
(1181, 60, 1, 38, '', 'gsiftp://midas.iop.kiev.ua:2811/jobs/264671324065053559159587', 6, 2, 2, 0, NULL, 1324065054, 1324065484),
(495, 49, 1, 202, '', 'gsiftp://grid.ipm.lviv.ua:2811/jobs/78881323533854685645656', 4, 2, 1, 0, NULL, 1323533854, NULL),
(497, 49, 1, 204, '', 'gsiftp://grid.ipm.lviv.ua:2811/jobs/76171323533833624597425', 4, 2, 1, 0, NULL, 1323533834, NULL),
(500, 49, 1, 207, '', 'gsiftp://grid.ipm.lviv.ua:2811/jobs/749313235338141029367438', 4, 2, 1, 0, NULL, 1323533814, NULL),
(501, 49, 1, 208, '', 'gsiftp://grid.ipm.lviv.ua:2811/jobs/73681323533792512991300', 4, 2, 1, 0, NULL, 1323533792, NULL),
(503, 49, 1, 210, '', 'gsiftp://grid.ipm.lviv.ua:2811/jobs/723713235337661685097265', 4, 2, 1, 0, NULL, 1323533767, NULL),
(506, 49, 1, 213, '', 'gsiftp://grid.ipm.lviv.ua:2811/jobs/710813235337491474184487', 4, 2, 1, 0, NULL, 1323533750, NULL),
(508, 49, 1, 215, '', 'gsiftp://grid.ipm.lviv.ua:2811/jobs/683513235337241568215242', 4, 2, 1, 0, NULL, 1323533725, NULL),
(510, 49, 1, 217, '', 'gsiftp://midas.iop.kiev.ua:2811/jobs/292531323534889523072284', 4, 2, 1, 0, NULL, 1323534890, NULL),
(511, 49, 1, 218, '', 'gsiftp://midas.iop.kiev.ua:2811/jobs/289871323534870930963940', 4, 2, 1, 0, NULL, 1323534870, NULL),
(514, 49, 1, 221, '', 'gsiftp://grid.isma.kharkov.ua:2811/jobs/543013235344441632672874', 4, 2, 1, 0, NULL, 1323534446, NULL),
(517, 49, 1, 224, '', 'gsiftp://grid.isma.kharkov.ua:2811/jobs/42831323534425209030140', 4, 2, 1, 0, NULL, 1323534426, NULL),
(519, 49, 1, 226, '', 'gsiftp://grid.isma.kharkov.ua:2811/jobs/37791323534406307233879', 4, 2, 1, 0, NULL, 1323534408, NULL),
(520, 49, 1, 227, '', 'gsiftp://thei.org.ua:2811/jobs/160721323534736954219751', 4, 2, 1, 0, NULL, 1323534736, NULL),
(521, 49, 1, 228, '', 'gsiftp://grid.isma.kharkov.ua:2811/jobs/32811323534387716924243', 4, 2, 1, 0, NULL, 1323534389, NULL),
(522, 49, 1, 229, '', 'gsiftp://thei.org.ua:2811/jobs/1505713235347181592112648', 4, 2, 1, 0, NULL, 1323534719, NULL),
(523, 49, 1, 230, '', 'gsiftp://midas.iop.kiev.ua:2811/jobs/260701323534697154840354', 4, 2, 1, 0, NULL, 1323534697, NULL),
(524, 49, 1, 231, '', 'gsiftp://grid.isma.kharkov.ua:2811/jobs/215513235343722059191329', 4, 2, 1, 0, NULL, 1323534373, NULL),
(525, 49, 1, 232, '', 'gsiftp://midas.iop.kiev.ua:2811/jobs/2534513235346792115781141', 4, 2, 1, 0, NULL, 1323534680, NULL),
(526, 49, 1, 233, '', 'gsiftp://arc.biomed.kiev.ua:2811/jobs/239531323534352631214083', 4, 2, 1, 0, NULL, 1323534353, NULL),
(527, 49, 1, 234, '', 'gsiftp://cluster.iep.org.ua:2811/jobs/120611323534644945846907', 4, 2, 1, 0, NULL, 1323534644, NULL),
(528, 49, 1, 235, '', 'gsiftp://arc.biomed.kiev.ua:2811/jobs/2342613235343271788047475', 4, 2, 1, 0, NULL, 1323534328, NULL),
(529, 49, 1, 236, '', 'gsiftp://cluster.iep.org.ua:2811/jobs/1051113235346132076029022', 4, 2, 1, 0, NULL, 1323534612, NULL),
(530, 49, 1, 237, '', 'gsiftp://arc.biomed.kiev.ua:2811/jobs/2304013235343061733751196', 4, 2, 1, 0, NULL, 1323534307, NULL),
(531, 49, 1, 238, '', 'gsiftp://grid.isma.kharkov.ua:2811/jobs/835013235345861409204092', 4, 2, 1, 0, NULL, 1323534588, NULL),
(532, 49, 1, 239, '', 'gsiftp://grid.isma.kharkov.ua:2811/jobs/4361323534285597966105', 4, 2, 1, 0, NULL, 1323534287, NULL),
(533, 49, 1, 240, '', 'gsiftp://grid.isma.kharkov.ua:2811/jobs/82591323534564582727684', 4, 2, 1, 0, NULL, 1323534566, NULL),
(534, 49, 1, 241, '', 'gsiftp://grid.isma.kharkov.ua:2811/jobs/31659132353424945091757', 4, 2, 1, 0, NULL, 1323534250, NULL),
(535, 49, 1, 242, '', 'gsiftp://grid.isma.kharkov.ua:2811/jobs/7306132353454867598399', 4, 2, 1, 0, NULL, 1323534550, NULL),
(536, 49, 1, 243, '', 'gsiftp://grid.isma.kharkov.ua:2811/jobs/3089013235342171961577412', 4, 2, 1, 0, NULL, 1323534219, NULL),
(537, 49, 1, 244, '', 'gsiftp://grid.isma.kharkov.ua:2811/jobs/6839132353452715481715', 4, 2, 1, 0, NULL, 1323534529, NULL),
(538, 49, 1, 245, '', 'gsiftp://grid.isma.kharkov.ua:2811/jobs/2999913235341901583577301', 4, 2, 1, 0, NULL, 1323534192, NULL),
(539, 49, 1, 246, '', 'gsiftp://grid.isma.kharkov.ua:2811/jobs/2969213235341711991737887', 4, 2, 1, 0, NULL, 1323534173, NULL),
(540, 49, 1, 247, '', 'gsiftp://grid.isma.kharkov.ua:2811/jobs/678013235345031942450850', 4, 2, 1, 0, NULL, 1323534505, NULL),
(541, 49, 1, 248, '', 'gsiftp://grid.isma.kharkov.ua:2811/jobs/290471323534145531401725', 4, 2, 1, 0, NULL, 1323534146, NULL),
(542, 49, 1, 249, '', 'gsiftp://grid.isma.kharkov.ua:2811/jobs/2828813235341281105687108', 4, 2, 1, 0, NULL, 1323534130, NULL),
(1178, 60, 1, 35, '', 'gsiftp://midas.iop.kiev.ua:2811/jobs/278891324065130768843179', 4, 2, 1, 0, NULL, 1324065130, 1324071602),
(554, 49, 1, 261, '', 'gsiftp://pamela.imp.kiev.ua:2811/jobs/612713235357951555374840', 4, 2, 1, 0, NULL, 1323535796, NULL),
(555, 49, 1, 262, '', 'gsiftp://pamela.imp.kiev.ua:2811/jobs/68101323535818503379494', 4, 2, 1, 0, NULL, 1323535818, NULL),
(556, 49, 1, 263, '', 'gsiftp://pamela.imp.kiev.ua:2811/jobs/764513235358441716181904', 4, 2, 1, 0, NULL, 1323535845, NULL),
(1176, 60, 1, 33, '', 'gsiftp://midas.iop.kiev.ua:2811/jobs/2817613240651752124095113', 6, 2, 2, 0, NULL, 1324065176, 1324065485),
(561, 49, 1, 268, '', 'gsiftp://pamela.imp.kiev.ua:2811/jobs/100691323535986579701003', 4, 2, 1, 0, NULL, 1323535987, NULL),
(562, 49, 1, 269, '', 'gsiftp://pamela.imp.kiev.ua:2811/jobs/106521323536017967968348', 4, 2, 1, 0, NULL, 1323536017, NULL),
(563, 49, 1, 270, '', 'gsiftp://grid.ipm.lviv.ua:2811/jobs/62151323533520562878598', 4, 2, 1, 0, NULL, 1323533520, NULL),
(564, 49, 1, 271, '', 'gsiftp://grid.ipm.lviv.ua:2811/jobs/815813235339662054351918', 4, 2, 1, 0, NULL, 1323533966, NULL),
(565, 49, 1, 272, '', 'gsiftp://grid.ipm.lviv.ua:2811/jobs/854013235339921659114961', 4, 2, 1, 0, NULL, 1323533992, NULL),
(566, 49, 1, 273, '', 'gsiftp://grid.isma.kharkov.ua:2811/jobs/254331323534011180084321', 4, 2, 1, 0, NULL, 1323534013, NULL),
(567, 49, 1, 274, '', 'gsiftp://grid.isma.kharkov.ua:2811/jobs/259961323534032539019195', 4, 2, 1, 0, NULL, 1323534033, NULL),
(568, 49, 1, 275, '', 'gsiftp://grid.isma.kharkov.ua:2811/jobs/267041323534053590912659', 4, 2, 1, 0, NULL, 1323534054, NULL),
(569, 49, 1, 276, '', 'gsiftp://grid.isma.kharkov.ua:2811/jobs/275181323534084826734511', 4, 2, 1, 0, NULL, 1323534085, NULL),
(570, 49, 1, 277, '', 'gsiftp://grid.isma.kharkov.ua:2811/jobs/282091323534126645933518', 4, 2, 1, 0, NULL, 1323534128, NULL),
(571, 49, 1, 278, '', 'gsiftp://grid.isma.kharkov.ua:2811/jobs/289741323534143838187147', 4, 2, 1, 0, NULL, 1323534145, NULL),
(572, 49, 1, 279, '', 'gsiftp://grid.isma.kharkov.ua:2811/jobs/2968613235341711212735839', 4, 2, 1, 0, NULL, 1323534172, NULL),
(573, 49, 1, 280, '', 'gsiftp://grid.isma.kharkov.ua:2811/jobs/2999313235341901583577301', 4, 2, 1, 0, NULL, 1323534192, NULL),
(574, 49, 1, 281, '', 'gsiftp://grid.isma.kharkov.ua:2811/jobs/308841323534217110000227', 4, 2, 1, 0, NULL, 1323534218, NULL),
(575, 49, 1, 282, '', 'gsiftp://grid.isma.kharkov.ua:2811/jobs/316711323534249812220917', 4, 2, 1, 0, NULL, 1323534250, NULL),
(576, 49, 1, 283, '', 'gsiftp://grid.isma.kharkov.ua:2811/jobs/44913235342861373972731', 4, 2, 1, 0, NULL, 1323534288, NULL),
(577, 49, 1, 284, '', 'gsiftp://arc.biomed.kiev.ua:2811/jobs/230181323534305963720273', 4, 2, 1, 0, NULL, 1323534306, NULL),
(578, 49, 1, 285, '', 'gsiftp://arc.biomed.kiev.ua:2811/jobs/2340013235343271788047475', 4, 2, 1, 0, NULL, 1323534328, NULL),
(579, 49, 1, 286, '', 'gsiftp://arc.biomed.kiev.ua:2811/jobs/241481323534357175983541', 4, 2, 1, 0, NULL, 1323534358, NULL),
(580, 49, 1, 287, '', 'gsiftp://grid.isma.kharkov.ua:2811/jobs/2240132353437568437871', 4, 2, 1, 0, NULL, 1323534377, NULL),
(581, 49, 1, 288, '', 'gsiftp://grid.isma.kharkov.ua:2811/jobs/342913235343931347269481', 4, 2, 1, 0, NULL, 1323534394, NULL),
(582, 49, 1, 289, '', 'gsiftp://grid.isma.kharkov.ua:2811/jobs/38831323534416486214177', 4, 2, 1, 0, NULL, 1323534418, NULL),
(583, 49, 1, 290, '', 'gsiftp://grid.isma.kharkov.ua:2811/jobs/45221323534439238080837', 4, 2, 1, 0, NULL, 1323534440, NULL),
(584, 49, 1, 291, '', 'gsiftp://uagrid.org.ua:2811/jobs/198311323534909138403634', 4, 2, 1, 0, NULL, 1323534454, NULL),
(585, 49, 1, 292, '', 'gsiftp://uagrid.org.ua:2811/jobs/2016913235349191687079885', 4, 2, 1, 0, NULL, 1323534464, NULL),
(587, 49, 1, 294, '', 'gsiftp://grid.isma.kharkov.ua:2811/jobs/58551323534501410339498', 4, 2, 1, 0, NULL, 1323534503, NULL),
(588, 49, 1, 295, '', 'gsiftp://grid.isma.kharkov.ua:2811/jobs/68101323534518609491171', 4, 2, 1, 0, NULL, 1323534520, NULL),
(589, 49, 1, 296, '', 'gsiftp://grid.isma.kharkov.ua:2811/jobs/70611323534537200993471', 4, 2, 1, 0, NULL, 1323534539, NULL),
(590, 49, 1, 297, '', 'gsiftp://grid.isma.kharkov.ua:2811/jobs/733913235345531009463634', 4, 2, 1, 0, NULL, 1323534554, NULL),
(591, 49, 1, 298, '', 'gsiftp://grid.isma.kharkov.ua:2811/jobs/82811323534570904076425', 4, 2, 1, 0, NULL, 1323534572, NULL),
(592, 49, 1, 299, '', 'gsiftp://grid.isma.kharkov.ua:2811/jobs/855813235345921725493390', 4, 2, 1, 0, NULL, 1323534594, NULL),
(593, 49, 1, 300, '', 'gsiftp://cluster.iep.org.ua:2811/jobs/110701323534616865472354', 4, 2, 1, 0, NULL, 1323534615, NULL),
(594, 49, 1, 301, '', 'gsiftp://cluster.iep.org.ua:2811/jobs/120641323534644945846907', 4, 2, 1, 0, NULL, 1323534643, NULL),
(596, 49, 1, 303, '', 'gsiftp://midas.iop.kiev.ua:2811/jobs/260951323534698925010510', 4, 2, 1, 0, NULL, 1323534698, NULL),
(597, 49, 1, 304, '', 'gsiftp://thei.org.ua:2811/jobs/1517113235347202042624241', 4, 2, 1, 0, NULL, 1323534720, NULL),
(604, 49, 1, 311, '', 'gsiftp://midas.iop.kiev.ua:2811/jobs/290391323534881801286665', 4, 2, 1, 0, NULL, 1323534882, NULL),
(1364, 61, 1, 10, 'thei.org.ua', 'gsiftp://thei.org.ua:2811/jobs/1477713250746241027572381', 4, 2, 1, 0, NULL, 1325074625, 1325077742),
(1365, 61, 1, 11, 'thei.org.ua', 'gsiftp://thei.org.ua:2811/jobs/1499413250746261003476356', 4, 2, 1, 0, NULL, 1325074626, 1325077742),
(1366, 61, 1, 12, 'thei.org.ua', 'gsiftp://thei.org.ua:2811/jobs/148901325074625722073246', 4, 2, 1, 0, NULL, 1325074626, 1325077742),
(1363, 61, 1, 9, 'thei.org.ua', 'gsiftp://thei.org.ua:2811/jobs/146531325074623387038720', 4, 2, 1, 0, NULL, 1325074624, 1325077742),
(1362, 61, 1, 8, 'thei.org.ua', 'gsiftp://thei.org.ua:2811/jobs/1210613250743931604635190', 4, 2, 1, 0, NULL, 1325074393, 1325077742),
(624, 49, 1, 331, '', 'gsiftp://west.icmp.lviv.ua:2811/jobs/3037132353539929191922', 4, 2, 1, 0, NULL, 1323535400, NULL),
(625, 49, 1, 332, '', 'gsiftp://west.icmp.lviv.ua:2811/jobs/366613235354181769117671', 4, 2, 1, 0, NULL, 1323535419, NULL),
(626, 49, 1, 333, '', 'gsiftp://west.icmp.lviv.ua:2811/jobs/406313235354371354538526', 4, 2, 1, 0, NULL, 1323535438, NULL),
(627, 49, 1, 334, '', 'gsiftp://west.icmp.lviv.ua:2811/jobs/428313235354551258106151', 4, 2, 1, 0, NULL, 1323535456, NULL),
(628, 49, 1, 335, '', 'gsiftp://west.icmp.lviv.ua:2811/jobs/472813235354771008388864', 4, 2, 1, 0, NULL, 1323535478, NULL),
(629, 49, 1, 336, '', 'gsiftp://west.icmp.lviv.ua:2811/jobs/51331323535500451615972', 4, 2, 1, 0, NULL, 1323535501, NULL),
(1412, 82, 2, 16, 'thei.org.ua', 'gsiftp://thei.org.ua:2811/jobs/253341325566809978965088', 4, 2, 1, 1, NULL, 1325566811, 1325570223),
(641, 49, 1, 348, '', 'gsiftp://pamela.imp.kiev.ua:2811/jobs/614113235357951589065200', 4, 2, 1, 0, NULL, 1323535795, NULL),
(642, 49, 1, 349, '', 'gsiftp://pamela.imp.kiev.ua:2811/jobs/68031323535817493727495', 4, 2, 1, 0, NULL, 1323535818, NULL),
(643, 49, 1, 350, '', 'gsiftp://pamela.imp.kiev.ua:2811/jobs/763813235358441711852578', 4, 2, 1, 0, NULL, 1323535845, NULL),
(649, 49, 1, 356, '', 'gsiftp://pamela.imp.kiev.ua:2811/jobs/1054913235360161457020697', 4, 2, 1, 0, NULL, 1323536017, NULL),
(650, 49, 1, 357, '', 'gsiftp://pamela.imp.kiev.ua:2811/jobs/112491323536034753565849', 4, 2, 1, 0, NULL, 1323536035, NULL),
(1286, 71, 2, 10, NULL, NULL, NULL, 0, 0, 0, NULL, NULL, NULL),
(662, 49, 1, 369, '', 'gsiftp://grid.ipm.lviv.ua:2811/jobs/63431323533538146550042', 4, 2, 1, 0, NULL, 1323533539, NULL),
(663, 49, 1, 370, '', 'gsiftp://grid.ipm.lviv.ua:2811/jobs/82061323533967671430505', 4, 2, 1, 0, NULL, 1323533968, NULL),
(664, 49, 1, 371, '', 'gsiftp://grid.isma.kharkov.ua:2811/jobs/2518813235339901202588281', 4, 2, 1, 0, NULL, 1323533992, NULL),
(665, 49, 1, 372, '', 'gsiftp://grid.isma.kharkov.ua:2811/jobs/254431323534011180084321', 4, 2, 1, 0, NULL, 1323534013, NULL),
(666, 49, 1, 373, '', 'gsiftp://grid.isma.kharkov.ua:2811/jobs/2605613235340321307610211', 4, 2, 1, 0, NULL, 1323534034, NULL),
(667, 49, 1, 374, '', 'gsiftp://grid.isma.kharkov.ua:2811/jobs/2672213235340531369664435', 4, 2, 1, 0, NULL, 1323534055, NULL),
(668, 49, 1, 375, '', 'gsiftp://grid.isma.kharkov.ua:2811/jobs/273731323534078210187031', 4, 2, 1, 0, NULL, 1323534080, NULL),
(669, 49, 1, 376, '', 'gsiftp://grid.isma.kharkov.ua:2811/jobs/278491323534104885506920', 4, 2, 1, 0, NULL, 1323534106, NULL),
(670, 49, 1, 377, '', 'gsiftp://grid.isma.kharkov.ua:2811/jobs/284281323534132199978543', 4, 2, 1, 0, NULL, 1323534133, NULL),
(671, 49, 1, 378, '', 'gsiftp://grid.isma.kharkov.ua:2811/jobs/2912013235341501936938268', 4, 2, 1, 0, NULL, 1323534152, NULL),
(672, 49, 1, 379, '', 'gsiftp://grid.isma.kharkov.ua:2811/jobs/298321323534173304375204', 4, 2, 1, 0, NULL, 1323534175, NULL),
(673, 49, 1, 380, '', 'gsiftp://grid.isma.kharkov.ua:2811/jobs/30805132353420995742716', 4, 2, 1, 0, NULL, 1323534211, NULL),
(674, 49, 1, 381, '', 'gsiftp://grid.isma.kharkov.ua:2811/jobs/3136613235342241968458144', 4, 2, 1, 0, NULL, 1323534225, NULL),
(675, 49, 1, 382, '', 'gsiftp://grid.isma.kharkov.ua:2811/jobs/318781323534251513350759', 4, 2, 1, 0, NULL, 1323534252, NULL),
(676, 49, 1, 383, '', 'gsiftp://grid.isma.kharkov.ua:2811/jobs/44213235342861373972731', 4, 2, 1, 0, NULL, 1323534288, NULL),
(677, 49, 1, 384, '', 'gsiftp://arc.biomed.kiev.ua:2811/jobs/2328013235343101581117315', 4, 2, 1, 0, NULL, 1323534311, NULL),
(678, 49, 1, 385, '', 'gsiftp://arc.biomed.kiev.ua:2811/jobs/234701323534328411363591', 4, 2, 1, 0, NULL, 1323534329, NULL),
(679, 49, 1, 386, '', 'gsiftp://arc.biomed.kiev.ua:2811/jobs/239691323534352631214083', 4, 2, 1, 0, NULL, 1323534353, NULL),
(680, 49, 1, 387, '', 'gsiftp://grid.isma.kharkov.ua:2811/jobs/2234132353437568437871', 4, 2, 1, 0, NULL, 1323534377, NULL),
(681, 49, 1, 388, '', 'gsiftp://grid.isma.kharkov.ua:2811/jobs/335413235343911649945144', 4, 2, 1, 0, NULL, 1323534392, NULL),
(682, 49, 1, 389, '', 'gsiftp://grid.isma.kharkov.ua:2811/jobs/38711323534416486214177', 4, 2, 1, 0, NULL, 1323534418, NULL),
(683, 49, 1, 390, '', 'gsiftp://grid.isma.kharkov.ua:2811/jobs/43821323534437550484403', 4, 2, 1, 0, NULL, 1323534439, NULL),
(684, 49, 1, 391, '', 'gsiftp://uagrid.org.ua:2811/jobs/198121323534908858855497', 4, 2, 1, 0, NULL, 1323534453, NULL),
(686, 49, 1, 393, '', 'gsiftp://uagrid.org.ua:2811/jobs/216751323534930955711664', 4, 2, 1, 0, NULL, 1323534475, NULL),
(687, 49, 1, 394, '', 'gsiftp://grid.isma.kharkov.ua:2811/jobs/58641323534501410339498', 4, 2, 1, 0, NULL, 1323534503, NULL),
(688, 49, 1, 395, '', 'gsiftp://grid.isma.kharkov.ua:2811/jobs/68161323534518609491171', 4, 2, 1, 0, NULL, 1323534520, NULL),
(689, 49, 1, 396, '', 'gsiftp://grid.isma.kharkov.ua:2811/jobs/704413235345361880271694', 4, 2, 1, 0, NULL, 1323534537, NULL),
(690, 49, 1, 397, '', 'gsiftp://grid.isma.kharkov.ua:2811/jobs/73281323534551233753132', 4, 2, 1, 0, NULL, 1323534553, NULL),
(691, 49, 1, 398, '', 'gsiftp://grid.isma.kharkov.ua:2811/jobs/830613235345751522031207', 4, 2, 1, 0, NULL, 1323534577, NULL),
(692, 49, 1, 399, '', 'gsiftp://grid.isma.kharkov.ua:2811/jobs/858013235345991741467067', 4, 2, 1, 0, NULL, 1323534601, NULL),
(693, 49, 1, 400, '', 'gsiftp://cluster.iep.org.ua:2811/jobs/121021323534644945846907', 4, 2, 1, 0, NULL, 1323534643, NULL),
(695, 49, 1, 402, '', 'gsiftp://midas.iop.kiev.ua:2811/jobs/2592813235346936258281', 4, 2, 1, 0, NULL, 1323534693, NULL),
(696, 49, 1, 403, '', 'gsiftp://thei.org.ua:2811/jobs/1505013235347181576821206', 4, 2, 1, 0, NULL, 1323534719, NULL),
(697, 49, 1, 404, '', 'gsiftp://thei.org.ua:2811/jobs/163031323534747371966376', 4, 2, 1, 0, NULL, 1323534747, NULL),
(711, 49, 1, 418, '', 'gsiftp://midas.iop.kiev.ua:2811/jobs/3236713235351001071243565', 4, 2, 1, 0, NULL, 1323535100, NULL),
(1280, 68, 23, 3, '', 'gsiftp://cluster.ilt.kharkov.ua:2811/jobs/147231324859721380951582', 4, 2, 1, 0, NULL, 1324859722, 1324862882),
(721, 49, 1, 428, '', 'gsiftp://west.icmp.lviv.ua:2811/jobs/293413235353901689905271', 4, 2, 1, 0, NULL, 1323535391, NULL),
(722, 49, 1, 429, '', 'gsiftp://west.icmp.lviv.ua:2811/jobs/324013235354071894098330', 4, 2, 1, 0, NULL, 1323535408, NULL),
(723, 49, 1, 430, '', 'gsiftp://west.icmp.lviv.ua:2811/jobs/378313235354322118779138', 4, 2, 1, 0, NULL, 1323535432, NULL),
(724, 49, 1, 431, '', 'gsiftp://west.icmp.lviv.ua:2811/jobs/417613235354511399362691', 4, 2, 1, 0, NULL, 1323535452, NULL),
(725, 49, 1, 432, '', 'gsiftp://west.icmp.lviv.ua:2811/jobs/455713235354731151296305', 4, 2, 1, 0, NULL, 1323535474, NULL),
(726, 49, 1, 433, '', 'gsiftp://west.icmp.lviv.ua:2811/jobs/486813235354931514757507', 4, 2, 1, 0, NULL, 1323535494, NULL),
(1443, 83, 2, 2, 'uagrid.org.ua', 'gsiftp://uagrid.org.ua:2811/jobs/322111325571970692049917', 6, 2, 2, 0, NULL, 1325571491, 1325613182),
(1444, 83, 2, 3, 'uagrid.org.ua', 'gsiftp://uagrid.org.ua:2811/jobs/3216113255719681467071917', 6, 2, 2, 0, NULL, 1325571489, 1325613182),
(1445, 83, 2, 4, 'uagrid.org.ua', 'gsiftp://uagrid.org.ua:2811/jobs/32111132557196697121613', 6, 2, 2, 0, NULL, 1325571487, 1325613182),
(1446, 83, 2, 5, 'uagrid.org.ua', 'gsiftp://uagrid.org.ua:2811/jobs/320611325571964112487242', 6, 2, 2, 0, NULL, 1325571485, 1325603822),
(740, 49, 1, 447, '', 'gsiftp://pamela.imp.kiev.ua:2811/jobs/657913235358041995631015', 4, 2, 1, 0, NULL, 1323535805, NULL),
(741, 49, 1, 448, '', 'gsiftp://pamela.imp.kiev.ua:2811/jobs/720913235358231129500973', 4, 2, 1, 0, NULL, 1323535824, NULL),
(742, 49, 1, 449, '', 'gsiftp://pamela.imp.kiev.ua:2811/jobs/805613235358521761100545', 4, 2, 1, 0, NULL, 1323535853, NULL),
(1284, 76, 24, 1, '', 'gsiftp://cluster.ilt.kharkov.ua:2811/jobs/311371325012557947559675', 4, 2, 1, 0, NULL, 1325012557, 1325015702),
(748, 49, 1, 455, '', 'gsiftp://pamela.imp.kiev.ua:2811/jobs/105561323536016398942050', 4, 2, 1, 0, NULL, 1323536017, NULL),
(749, 49, 1, 456, '', 'gsiftp://pamela.imp.kiev.ua:2811/jobs/1124213235360342112942546', 4, 2, 1, 0, NULL, 1323536035, NULL),
(1282, 66, 14, 4, '', 'gsiftp://cluster.ilt.kharkov.ua:2811/jobs/290861325008334713165690', 4, 2, 1, 0, NULL, 1325008335, 1325011682),
(761, 49, 1, 468, '', 'gsiftp://grid.ipm.lviv.ua:2811/jobs/647013235335581587110302', 4, 2, 1, 0, NULL, 1323533559, NULL),
(762, 49, 1, 469, '', 'gsiftp://grid.ipm.lviv.ua:2811/jobs/821313235339681442062788', 4, 2, 1, 0, NULL, 1323533968, NULL),
(763, 49, 1, 470, '', 'gsiftp://grid.isma.kharkov.ua:2811/jobs/2518213235339901202588281', 4, 2, 1, 0, NULL, 1323533991, NULL),
(764, 49, 1, 471, '', 'gsiftp://grid.isma.kharkov.ua:2811/jobs/254391323534011180084321', 4, 2, 1, 0, NULL, 1323534013, NULL),
(766, 49, 1, 473, '', 'gsiftp://grid.isma.kharkov.ua:2811/jobs/2606413235340321307610211', 4, 2, 1, 0, NULL, 1323534034, NULL),
(767, 49, 1, 474, '', 'gsiftp://grid.isma.kharkov.ua:2811/jobs/2671613235340531369664435', 4, 2, 1, 0, NULL, 1323534055, NULL),
(768, 49, 1, 475, '', 'gsiftp://grid.isma.kharkov.ua:2811/jobs/275911323534087688692173', 4, 2, 1, 0, NULL, 1323534089, NULL),
(769, 49, 1, 476, '', 'gsiftp://grid.isma.kharkov.ua:2811/jobs/2821513235341281408848081', 4, 2, 1, 0, NULL, 1323534129, NULL),
(770, 49, 1, 477, '', 'gsiftp://grid.isma.kharkov.ua:2811/jobs/2919313235341521620501591', 4, 2, 1, 0, NULL, 1323534153, NULL),
(771, 49, 1, 478, '', 'gsiftp://grid.isma.kharkov.ua:2811/jobs/298381323534173304375204', 4, 2, 1, 0, NULL, 1323534175, NULL),
(772, 49, 1, 479, '', 'gsiftp://grid.isma.kharkov.ua:2811/jobs/301391323534193661849997', 4, 2, 1, 0, NULL, 1323534194, NULL),
(773, 49, 1, 480, '', 'gsiftp://grid.isma.kharkov.ua:2811/jobs/308781323534217110000227', 4, 2, 1, 0, NULL, 1323534218, NULL),
(774, 49, 1, 481, '', 'gsiftp://grid.isma.kharkov.ua:2811/jobs/316651323534249812220917', 4, 2, 1, 0, NULL, 1323534251, NULL),
(776, 49, 1, 483, '', 'gsiftp://grid.isma.kharkov.ua:2811/jobs/45513235342861373972731', 4, 2, 1, 0, NULL, 1323534288, NULL),
(777, 49, 1, 484, '', 'gsiftp://arc.biomed.kiev.ua:2811/jobs/230311323534306963720273', 4, 2, 1, 0, NULL, 1323534307, NULL),
(778, 49, 1, 485, '', 'gsiftp://arc.biomed.kiev.ua:2811/jobs/2339613235343271788047475', 4, 2, 1, 0, NULL, 1323534328, NULL),
(779, 49, 1, 486, '', 'gsiftp://arc.biomed.kiev.ua:2811/jobs/2416113235343582018085656', 4, 2, 1, 0, NULL, 1323534359, NULL),
(780, 49, 1, 487, '', 'gsiftp://grid.isma.kharkov.ua:2811/jobs/2246132353437668437871', 4, 2, 1, 0, NULL, 1323534377, NULL),
(781, 49, 1, 488, '', 'gsiftp://grid.isma.kharkov.ua:2811/jobs/343513235343931032479742', 4, 2, 1, 0, NULL, 1323534394, NULL),
(782, 49, 1, 489, '', 'gsiftp://grid.isma.kharkov.ua:2811/jobs/38791323534416486214177', 4, 2, 1, 0, NULL, 1323534418, NULL),
(783, 49, 1, 490, '', 'gsiftp://grid.isma.kharkov.ua:2811/jobs/43761323534437550484403', 4, 2, 1, 0, NULL, 1323534439, NULL),
(785, 49, 1, 492, '', 'gsiftp://uagrid.org.ua:2811/jobs/2016313235349181360042356', 4, 2, 1, 0, NULL, 1323534464, NULL),
(787, 49, 1, 494, '', 'gsiftp://grid.isma.kharkov.ua:2811/jobs/584913235345001790297345', 4, 2, 1, 0, NULL, 1323534502, NULL),
(788, 49, 1, 495, '', 'gsiftp://grid.isma.kharkov.ua:2811/jobs/68041323534518609491171', 4, 2, 1, 0, NULL, 1323534520, NULL),
(789, 49, 1, 496, '', 'gsiftp://grid.isma.kharkov.ua:2811/jobs/70551323534537200993471', 4, 2, 1, 0, NULL, 1323534538, NULL),
(790, 49, 1, 497, '', 'gsiftp://grid.isma.kharkov.ua:2811/jobs/735013235345541480055521', 4, 2, 1, 0, NULL, 1323534555, NULL),
(791, 49, 1, 498, '', 'gsiftp://grid.isma.kharkov.ua:2811/jobs/82921323534572281581522', 4, 2, 1, 0, NULL, 1323534573, NULL),
(792, 49, 1, 499, '', 'gsiftp://grid.isma.kharkov.ua:2811/jobs/85691323534595813385507', 4, 2, 1, 0, NULL, 1323534597, NULL),
(793, 49, 1, 500, '', 'gsiftp://cluster.iep.org.ua:2811/jobs/1148213235346281515608295', 4, 2, 1, 0, NULL, 1323534627, NULL),
(795, 49, 1, 502, '', 'gsiftp://midas.iop.kiev.ua:2811/jobs/2533913235346792115781141', 4, 2, 1, 0, NULL, 1323534679, NULL),
(796, 49, 1, 503, '', 'gsiftp://midas.iop.kiev.ua:2811/jobs/261201323534708813409890', 4, 2, 1, 0, NULL, 1323534709, NULL),
(797, 49, 1, 504, '', 'gsiftp://thei.org.ua:2811/jobs/1578213235347321562030913', 4, 2, 1, 0, NULL, 1323534732, NULL),
(803, 49, 1, 510, '', 'gsiftp://midas.iop.kiev.ua:2811/jobs/2903313235348811104230843', 4, 2, 1, 0, NULL, 1323534881, NULL),
(1438, 82, 2, 42, 'thei.org.ua', 'gsiftp://thei.org.ua:2811/jobs/47351325570827816302581', 4, 2, 1, 0, NULL, 1325570828, 1325576883),
(1439, 82, 2, 43, 'thei.org.ua', 'gsiftp://thei.org.ua:2811/jobs/46451325570826567050844', 4, 2, 1, 0, NULL, 1325570826, 1325575743),
(1440, 82, 2, 44, 'thei.org.ua', 'gsiftp://thei.org.ua:2811/jobs/44961325570824334757756', 4, 2, 1, 0, NULL, 1325570825, 1325579642),
(822, 49, 1, 529, '', 'gsiftp://west.icmp.lviv.ua:2811/jobs/3044132353539929191922', 4, 2, 1, 0, NULL, 1323535400, NULL),
(823, 49, 1, 530, '', 'gsiftp://west.icmp.lviv.ua:2811/jobs/372513235354261482452150', 4, 2, 1, 0, NULL, 1323535427, NULL),
(824, 49, 1, 531, '', 'gsiftp://west.icmp.lviv.ua:2811/jobs/411813235354431686101281', 4, 2, 1, 0, NULL, 1323535444, NULL),
(825, 49, 1, 532, '', 'gsiftp://west.icmp.lviv.ua:2811/jobs/45021323535471684253178', 4, 2, 1, 0, NULL, 1323535472, NULL),
(826, 49, 1, 533, '', 'gsiftp://west.icmp.lviv.ua:2811/jobs/484713235354921810059331', 4, 2, 1, 0, NULL, 1323535493, NULL),
(827, 49, 1, 534, '', 'gsiftp://west.icmp.lviv.ua:2811/jobs/53251323535509939747981', 4, 2, 1, 0, NULL, 1323535510, NULL),
(1267, 70, 2, 21, 'thei.org.ua', 'gsiftp://thei.org.ua:2811/jobs/1558413247014851592974639', 6, 2, 2, 0, NULL, 1324701488, 1324701903),
(1432, 82, 2, 36, 'uagrid.org.ua', 'gsiftp://uagrid.org.ua:2811/jobs/40511325569937871998346', 4, 2, 1, 0, NULL, 1325569457, 1325603223),
(838, 49, 1, 545, '', 'gsiftp://pamela.imp.kiev.ua:2811/jobs/61331323535795796192082', 4, 2, 1, 0, NULL, 1323535796, NULL),
(839, 49, 1, 546, '', 'gsiftp://pamela.imp.kiev.ua:2811/jobs/679613235358171851274962', 4, 2, 1, 0, NULL, 1323535818, NULL),
(840, 49, 1, 547, '', 'gsiftp://pamela.imp.kiev.ua:2811/jobs/78341323535847240822179', 4, 2, 1, 0, NULL, 1323535848, NULL),
(1265, 70, 2, 19, 'thei.org.ua', 'gsiftp://thei.org.ua:2811/jobs/140401324701346494213624', 6, 2, 2, 0, NULL, 1324701350, 1324701483),
(846, 49, 1, 553, '', 'gsiftp://pamela.imp.kiev.ua:2811/jobs/102691323536000985850040', 4, 2, 1, 0, NULL, 1323536001, NULL),
(847, 49, 1, 554, '', 'gsiftp://pamela.imp.kiev.ua:2811/jobs/109891323536018949929074', 4, 2, 1, 0, NULL, 1323536019, NULL),
(848, 49, 1, 555, '', 'gsiftp://pamela.imp.kiev.ua:2811/jobs/1174613235360401631787935', 4, 2, 1, 0, NULL, 1323536040, NULL),
(1263, 70, 2, 17, 'thei.org.ua', 'gsiftp://thei.org.ua:2811/jobs/1561313247014861363358331', 6, 2, 2, 0, NULL, 1324701486, 1324701903),
(860, 49, 1, 567, '', 'gsiftp://grid.isma.kharkov.ua:2811/jobs/2796413235341061356012822', 4, 2, 1, 0, NULL, 1323534108, NULL),
(1253, 70, 2, 7, 'thei.org.ua', 'gsiftp://thei.org.ua:2811/jobs/688913247008071401272001', 6, 2, 2, 0, NULL, 1324700808, 1324701062),
(862, 49, 1, 569, '', 'gsiftp://west.icmp.lviv.ua:2811/jobs/456813235354731151296305', 4, 2, 1, 0, NULL, 1323535474, NULL),
(863, 49, 1, 570, '', 'gsiftp://midas.iop.kiev.ua:2811/jobs/3239813235351021537422426', 4, 2, 1, 0, NULL, 1323535102, NULL),
(867, 49, 1, 574, '', 'gsiftp://west.icmp.lviv.ua:2811/jobs/4183132353545211931361', 4, 2, 1, 0, NULL, 1323535452, NULL),
(872, 49, 1, 579, '', 'gsiftp://west.icmp.lviv.ua:2811/jobs/378813235354312118779138', 4, 2, 1, 0, NULL, 1323535432, NULL),
(874, 49, 1, 581, '', 'gsiftp://midas.iop.kiev.ua:2811/jobs/292481323534889523072284', 4, 2, 1, 0, NULL, 1323534890, NULL),
(875, 49, 1, 582, '', 'gsiftp://west.icmp.lviv.ua:2811/jobs/329513235354091295339974', 4, 2, 1, 0, NULL, 1323535410, NULL),
(879, 49, 1, 586, '', 'gsiftp://midas.iop.kiev.ua:2811/jobs/2898013235348691230173289', 4, 2, 1, 0, NULL, 1323534870, NULL),
(1218, 65, 2, 1, 'thei.org.ua', 'gsiftp://thei.org.ua:2811/jobs/1590713246723391422948614', 4, 2, 1, 0, NULL, 1324672340, 1324675562),
(890, 49, 1, 597, '', 'gsiftp://thei.org.ua:2811/jobs/1578813235347321873217452', 4, 2, 1, 0, NULL, 1323534732, NULL),
(891, 49, 1, 598, '', 'gsiftp://thei.org.ua:2811/jobs/144851323534700945130345', 4, 2, 1, 0, NULL, 1323534707, NULL),
(892, 49, 1, 599, '', 'gsiftp://cluster.iep.org.ua:2811/jobs/123221323534646336602896', 4, 2, 1, 0, NULL, 1323534645, NULL),
(893, 49, 1, 600, '', 'gsiftp://cluster.iep.org.ua:2811/jobs/113481323534624888170063', 4, 2, 1, 0, NULL, 1323534623, NULL),
(894, 49, 1, 601, '', 'gsiftp://grid.isma.kharkov.ua:2811/jobs/84821323534591954939603', 4, 2, 1, 0, NULL, 1323534593, NULL),
(895, 49, 1, 602, '', 'gsiftp://grid.isma.kharkov.ua:2811/jobs/82701323534569438293944', 4, 2, 1, 0, NULL, 1323534570, NULL),
(896, 49, 1, 603, '', 'gsiftp://grid.isma.kharkov.ua:2811/jobs/7308132353454867598399', 4, 2, 1, 0, NULL, 1323534550, NULL),
(897, 49, 1, 604, '', 'gsiftp://grid.isma.kharkov.ua:2811/jobs/692013235345291859470265', 4, 2, 1, 0, NULL, 1323534530, NULL),
(898, 49, 1, 605, '', 'gsiftp://grid.isma.kharkov.ua:2811/jobs/679113235345051347223779', 4, 2, 1, 0, NULL, 1323534507, NULL),
(899, 49, 1, 606, '', 'gsiftp://west.icmp.lviv.ua:2811/jobs/51401323535501151441804', 4, 2, 1, 1, NULL, 1323535502, NULL),
(1213, 58, 2, 19, '', 'gsiftp://cluster.ilt.kharkov.ua:2811/jobs/88251324671723309465634', 4, 2, 1, 0, NULL, 1324671724, 1324675142),
(1210, 58, 2, 16, '', 'gsiftp://midas.iop.kiev.ua:2811/jobs/325481324671844755444646', 6, 2, 2, 0, NULL, 1324671844, 1324672022),
(912, 49, 1, 619, '', 'gsiftp://pamela.imp.kiev.ua:2811/jobs/681913235358182069860197', 4, 2, 1, 0, NULL, 1323535819, NULL),
(913, 49, 1, 620, '', 'gsiftp://pamela.imp.kiev.ua:2811/jobs/793813235358491288937731', 4, 2, 1, 0, NULL, 1323535849, NULL),
(1415, 82, 2, 19, 'thei.org.ua', 'gsiftp://thei.org.ua:2811/jobs/79913255675841221772180', 4, 2, 1, 0, NULL, 1325567585, 1325573342),
(919, 49, 1, 626, '', 'gsiftp://pamela.imp.kiev.ua:2811/jobs/1054113235360151746679426', 4, 2, 1, 0, NULL, 1323536016, NULL),
(920, 49, 1, 627, '', 'gsiftp://pamela.imp.kiev.ua:2811/jobs/1125613235360341851416663', 4, 2, 1, 1, NULL, 1323536035, NULL),
(1207, 58, 2, 13, '', 'gsiftp://cluster.ilt.kharkov.ua:2811/jobs/4323132467121023525525', 4, 2, 1, 0, NULL, 1324671211, 1324674242),
(1321, 79, 2, 1, '', 'gsiftp://cluster.ilt.kharkov.ua:2811/jobs/2125113250148941912666450', 4, 2, 1, 0, NULL, 1325014895, 1325018102),
(1215, 58, 2, 21, '', 'gsiftp://cluster.ilt.kharkov.ua:2811/jobs/83771324671651913635278', 4, 2, 1, 0, NULL, 1324671652, 1324674662),
(1216, 58, 2, 22, '', 'gsiftp://cluster.ilt.kharkov.ua:2811/jobs/716513246716132044472973', 4, 2, 1, 0, NULL, 1324671613, 1324674662),
(1217, 58, 2, 23, '', 'gsiftp://cluster.ilt.kharkov.ua:2811/jobs/668713246715751129331072', 4, 2, 1, 0, NULL, 1324671575, 1324674662),
(1131, 58, 2, 1, 'thei.org.ua', 'gsiftp://thei.org.ua:2811/jobs/216341324062436524143558', 4, 2, 1, 0, NULL, 1324062439, 1324065483),
(1161, 60, 1, 18, '', 'gsiftp://cluster.ilt.kharkov.ua:2811/jobs/1843213240631251207319314', 6, 2, 2, 0, NULL, 1324063126, 1324063505),
(1162, 60, 1, 19, '', 'gsiftp://cluster.ilt.kharkov.ua:2811/jobs/2048713240632111529385375', 6, 2, 2, 0, NULL, 1324063212, 1324063505),
(1164, 60, 1, 21, '', 'gsiftp://cluster.ilt.kharkov.ua:2811/jobs/1717713240631011478435403', 6, 2, 2, 0, NULL, 1324063101, 1324063505),
(1165, 60, 1, 22, '', 'gsiftp://cluster.ilt.kharkov.ua:2811/jobs/1921613240631991181130417', 6, 2, 2, 0, NULL, 1324063199, 1324063506),
(1252, 72, 2, 1, '', 'gsiftp://cluster.ilt.kharkov.ua:2811/jobs/625913247005272041393033', 4, 2, 1, 0, NULL, 1324700621, 1324705442),
(1251, 70, 2, 6, 'uagrid.org.ua', 'gsiftp://uagrid.org.ua:2811/jobs/533213247011201376677127', 6, 2, 2, 0, NULL, 1324700655, 1324704963),
(1249, 70, 2, 4, 'uagrid.org.ua', 'gsiftp://uagrid.org.ua:2811/jobs/539013247011272012349239', 6, 2, 2, 0, NULL, 1324700659, 1324705022),
(1250, 70, 2, 5, 'uagrid.org.ua', 'gsiftp://uagrid.org.ua:2811/jobs/514713247011131489433166', 6, 2, 2, 0, NULL, 1324700648, 1324705022),
(1240, 71, 2, 1, 'thei.org.ua', 'gsiftp://thei.org.ua:2811/jobs/12201324700321997825754', 4, 2, 1, 0, NULL, 1324700321, 1324703702),
(1241, 71, 2, 2, 'thei.org.ua', 'gsiftp://thei.org.ua:2811/jobs/5037132470064439787073', 4, 2, 1, 0, NULL, 1324700645, 1324703702),
(1242, 71, 2, 3, 'thei.org.ua', 'gsiftp://thei.org.ua:2811/jobs/492213247006432028005502', 4, 2, 1, 0, NULL, 1324700643, 1324703702),
(1243, 71, 2, 4, 'thei.org.ua', 'gsiftp://thei.org.ua:2811/jobs/483113247006421003206403', 4, 2, 1, 0, NULL, 1324700643, 1324703702),
(1244, 71, 2, 5, '', 'gsiftp://cluster.ilt.kharkov.ua:2811/jobs/45511324700391510419114', 4, 2, 1, 0, NULL, 1324700391, 1324703702),
(1245, 71, 2, 6, '', 'gsiftp://cluster.ilt.kharkov.ua:2811/jobs/852813247007501146353452', 4, 2, 1, 0, NULL, 1324700750, 1324704122),
(1246, 71, 2, 7, '', 'gsiftp://cluster.ilt.kharkov.ua:2811/jobs/83131324700713468290301', 4, 2, 1, 0, NULL, 1324700714, 1324704122),
(1247, 71, 2, 8, '', 'gsiftp://cluster.ilt.kharkov.ua:2811/jobs/68751324700675845281815', 4, 2, 1, 0, NULL, 1324700677, 1324703702),
(1248, 70, 2, 3, 'uagrid.org.ua', 'gsiftp://uagrid.org.ua:2811/jobs/154813247008972090468854', 6, 2, 2, 0, NULL, 1324700429, 1324705022),
(1433, 82, 2, 37, 'uagrid.org.ua', 'gsiftp://uagrid.org.ua:2811/jobs/1380613255707231257434972', 4, 2, 1, 0, NULL, 1325570243, 1325606102),
(1434, 82, 2, 38, 'uagrid.org.ua', 'gsiftp://uagrid.org.ua:2811/jobs/1371513255707211629917533', 4, 2, 1, 0, NULL, 1325570241, 1325606102),
(1435, 82, 2, 39, 'uagrid.org.ua', 'gsiftp://uagrid.org.ua:2811/jobs/1362413255707181217289124', 4, 2, 1, 0, NULL, 1325570239, 1325603822),
(1436, 82, 2, 40, 'uagrid.org.ua', 'gsiftp://uagrid.org.ua:2811/jobs/134641325570716332499676', 4, 2, 1, 0, NULL, 1325570236, 1325603223),
(1214, 58, 2, 20, '', 'gsiftp://cluster.ilt.kharkov.ua:2811/jobs/859213246716851429250257', 4, 2, 1, 0, NULL, 1324671685, 1324675142),
(1407, 82, 2, 11, '', 'gsiftp://cluster.ilt.kharkov.ua:2811/jobs/1857213255341921426454837', 4, 2, 1, 0, NULL, 1325534193, 1325537582),
(1077, 49, 1, 721, '', 'gsiftp://west.icmp.lviv.ua:2811/jobs/75781323898532468557494', 4, 2, 1, 0, NULL, 1323898533, NULL),
(1078, 49, 1, 722, '', 'gsiftp://midas.iop.kiev.ua:2811/jobs/174041323898489221987150', 4, 2, 1, 0, NULL, 1323898490, NULL),
(1079, 49, 1, 723, '', 'gsiftp://west.icmp.lviv.ua:2811/jobs/65071323898471385926037', 4, 2, 1, 0, NULL, 1323898472, NULL),
(1080, 49, 1, 724, '', 'gsiftp://west.icmp.lviv.ua:2811/jobs/52001323898394380901271', 6, 2, 2, 0, NULL, 1323898394, NULL),
(1081, 49, 1, 725, '', 'gsiftp://midas.iop.kiev.ua:2811/jobs/1549713238983501692873748', 4, 2, 1, 0, NULL, 1323898350, NULL),
(1082, 49, 1, 726, '', 'gsiftp://midas.iop.kiev.ua:2811/jobs/1508313238983121446483695', 4, 2, 1, 0, NULL, 1323898316, NULL),
(1083, 49, 1, 727, '', 'gsiftp://west.icmp.lviv.ua:2811/jobs/302013238982831348597075', 4, 2, 1, 0, NULL, 1323898283, NULL),
(1084, 49, 1, 728, '', 'gsiftp://midas.iop.kiev.ua:2811/jobs/1366413238982331851186122', 4, 2, 1, 0, NULL, 1323898234, NULL),
(1085, 49, 1, 729, '', 'gsiftp://midas.iop.kiev.ua:2811/jobs/134971323898213410082375', 6, 2, 2, 0, NULL, 1323898214, NULL),
(1086, 49, 1, 730, '', 'gsiftp://midas.iop.kiev.ua:2811/jobs/133521323898195516130072', 4, 2, 1, 0, NULL, 1323898195, NULL),
(1087, 49, 1, 731, '', 'gsiftp://midas.iop.kiev.ua:2811/jobs/1269713238981701685960162', 4, 2, 1, 0, NULL, 1323898171, NULL),
(1088, 49, 1, 732, '', 'gsiftp://midas.iop.kiev.ua:2811/jobs/165011323898420811681968', 4, 2, 1, 0, NULL, 1323898421, NULL),
(1089, 49, 1, 733, '', 'gsiftp://midas.iop.kiev.ua:2811/jobs/1247613238981481150381504', 6, 2, 2, 0, NULL, 1323898148, NULL),
(1090, 49, 1, 734, '', 'gsiftp://cluster.ilt.kharkov.ua:2811/jobs/2355013238974961450487761', 4, 2, 1, 0, NULL, 1323897496, NULL),
(1091, 49, 1, 735, '', 'gsiftp://midas.iop.kiev.ua:2811/jobs/1223913238981232007115246', 6, 2, 2, 0, NULL, 1323898123, NULL),
(1092, 49, 1, 736, '', 'gsiftp://midas.iop.kiev.ua:2811/jobs/117661323898092710954205', 4, 2, 1, 0, NULL, 1323898093, NULL),
(1093, 49, 1, 737, '', 'gsiftp://midas.iop.kiev.ua:2811/jobs/114871323898070950072301', 4, 2, 1, 0, NULL, 1323898071, NULL),
(1094, 49, 1, 738, '', 'gsiftp://midas.iop.kiev.ua:2811/jobs/1090613238980541522217892', 4, 2, 1, 0, NULL, 1323898055, NULL),
(1095, 49, 1, 739, '', 'gsiftp://west.icmp.lviv.ua:2811/jobs/3081713238980231789632881', 4, 2, 1, 0, NULL, 1323898024, NULL),
(1096, 49, 1, 740, '', 'gsiftp://midas.iop.kiev.ua:2811/jobs/1008313238979791780256763', 6, 2, 2, 0, NULL, 1323897980, NULL),
(1097, 49, 1, 741, '', 'gsiftp://midas.iop.kiev.ua:2811/jobs/982513238979471853308278', 6, 2, 2, 0, NULL, 1323897947, NULL),
(1098, 49, 1, 742, '', 'gsiftp://midas.iop.kiev.ua:2811/jobs/92521323897927420932578', 4, 2, 1, 0, NULL, 1323897927, NULL),
(1099, 49, 1, 743, '', 'gsiftp://midas.iop.kiev.ua:2811/jobs/880913238978911710336758', 4, 2, 1, 0, NULL, 1323897892, NULL),
(1100, 49, 1, 744, '', 'gsiftp://midas.iop.kiev.ua:2811/jobs/837813238978671500898228', 6, 2, 2, 0, NULL, 1323897868, NULL),
(1101, 49, 1, 745, '', 'gsiftp://midas.iop.kiev.ua:2811/jobs/83501323897849519840839', 6, 2, 2, 0, NULL, 1323897849, NULL),
(1102, 49, 1, 746, '', 'gsiftp://midas.iop.kiev.ua:2811/jobs/807113238978251375869183', 4, 2, 1, 0, NULL, 1323897825, NULL),
(1103, 49, 1, 747, '', 'gsiftp://midas.iop.kiev.ua:2811/jobs/757013238978051018788260', 4, 2, 1, 0, NULL, 1323897805, NULL),
(1104, 49, 1, 748, '', 'gsiftp://midas.iop.kiev.ua:2811/jobs/74771323897785655620852', 4, 2, 1, 0, NULL, 1323897785, NULL),
(1105, 49, 1, 749, '', 'gsiftp://arc.biomed.kiev.ua:2811/jobs/310661323897769163201684', 4, 2, 1, 0, NULL, 1323897770, NULL),
(1106, 49, 1, 750, '', 'gsiftp://arc.biomed.kiev.ua:2811/jobs/3074313238977411161795484', 4, 2, 1, 0, NULL, 1323897742, NULL),
(1107, 49, 1, 751, '', 'gsiftp://arc.biomed.kiev.ua:2811/jobs/3061613238977252030482593', 4, 2, 1, 0, NULL, 1323897725, NULL),
(1108, 49, 1, 752, '', 'gsiftp://arc.biomed.kiev.ua:2811/jobs/302871323897698583251559', 4, 2, 1, 0, NULL, 1323897698, NULL),
(1109, 49, 1, 753, '', 'gsiftp://arc.biomed.kiev.ua:2811/jobs/301331323897666343651583', 4, 2, 1, 0, NULL, 1323897666, NULL),
(1110, 49, 1, 754, '', 'gsiftp://arc.biomed.kiev.ua:2811/jobs/2999913238976491214801747', 4, 2, 1, 0, NULL, 1323897649, NULL),
(1111, 49, 1, 755, '', 'gsiftp://arc.biomed.kiev.ua:2811/jobs/29691132389762265444901', 4, 2, 1, 0, NULL, 1323897622, NULL),
(1112, 49, 1, 756, '', 'gsiftp://arc.biomed.kiev.ua:2811/jobs/295491323897599315519310', 4, 2, 1, 0, NULL, 1323897600, NULL),
(1113, 49, 1, 757, '', 'gsiftp://cluster.ilt.kharkov.ua:2811/jobs/266821323897582954394416', 4, 2, 1, 0, NULL, 1323897583, NULL),
(1114, 49, 1, 758, '', 'gsiftp://cluster.ilt.kharkov.ua:2811/jobs/2555413238975681442495542', 4, 2, 1, 0, NULL, 1323897568, NULL),
(1115, 49, 1, 759, '', 'gsiftp://cluster.ilt.kharkov.ua:2811/jobs/2527913238975431420732226', 4, 2, 1, 0, NULL, 1323897544, NULL),
(1116, 49, 1, 760, '', 'gsiftp://cluster.ilt.kharkov.ua:2811/jobs/2504613238975311826487493', 4, 2, 1, 0, NULL, 1323897531, NULL),
(1117, 49, 1, 761, '', 'gsiftp://cluster.ilt.kharkov.ua:2811/jobs/249401323897515277219104', 4, 2, 1, 0, NULL, 1323897515, NULL),
(1118, 49, 1, 762, '', 'gsiftp://cluster.ilt.kharkov.ua:2811/jobs/2477613238975051367114151', 4, 2, 1, 0, NULL, 1323897506, NULL),
(1119, 49, 1, 763, '', 'gsiftp://cluster.ilt.kharkov.ua:2811/jobs/2544813238975541434096580', 4, 2, 1, 0, NULL, 1323897554, NULL),
(1120, 49, 1, 764, '', 'gsiftp://midas.iop.kiev.ua:2811/jobs/91621323897909831820595', 4, 2, 1, 1, NULL, 1323897909, NULL),
(1179, 60, 1, 36, '', 'gsiftp://midas.iop.kiev.ua:2811/jobs/2723513240651022076073773', 4, 2, 1, 0, NULL, 1324065102, 1324068363),
(1180, 60, 1, 37, '', 'gsiftp://midas.iop.kiev.ua:2811/jobs/270441324065078471641615', 6, 2, 2, 0, NULL, 1324065079, 1324065484),
(1055, 49, 1, 699, '', 'gsiftp://cluster.ilt.kharkov.ua:2811/jobs/2287113238973211024972672', 4, 2, 1, 0, NULL, 1323897322, NULL),
(1056, 49, 1, 700, '', 'gsiftp://west.icmp.lviv.ua:2811/jobs/165521323899034791964499', 6, 2, 2, 0, NULL, 1323899035, NULL),
(1057, 49, 1, 701, '', 'gsiftp://west.icmp.lviv.ua:2811/jobs/163141323899015564550163', 4, 2, 1, 0, NULL, 1323899016, NULL),
(1058, 49, 1, 702, '', 'gsiftp://west.icmp.lviv.ua:2811/jobs/157451323898997848447353', 6, 2, 2, 0, NULL, 1323898997, NULL),
(1059, 49, 1, 703, '', 'gsiftp://midas.iop.kiev.ua:2811/jobs/2434913238989761366677541', 4, 2, 1, 0, NULL, 1323898977, NULL),
(1060, 49, 1, 704, '', 'gsiftp://midas.iop.kiev.ua:2811/jobs/2412513238989541612082412', 4, 2, 1, 0, NULL, 1323898955, NULL),
(1061, 49, 1, 705, '', 'gsiftp://midas.iop.kiev.ua:2811/jobs/2408113238989311096547608', 6, 2, 2, 0, NULL, 1323898932, NULL),
(1062, 49, 1, 706, '', 'gsiftp://midas.iop.kiev.ua:2811/jobs/2343713238989091348472551', 6, 2, 2, 0, NULL, 1323898910, NULL),
(1063, 49, 1, 707, '', 'gsiftp://midas.iop.kiev.ua:2811/jobs/23221132389888653082811', 4, 2, 1, 0, NULL, 1323898889, NULL),
(1064, 49, 1, 708, '', 'gsiftp://midas.iop.kiev.ua:2811/jobs/231891323898863293235017', 4, 2, 1, 0, NULL, 1323898863, NULL),
(1065, 49, 1, 709, '', 'gsiftp://midas.iop.kiev.ua:2811/jobs/2253513238988381460042325', 6, 2, 2, 0, NULL, 1323898839, NULL),
(1066, 49, 1, 710, '', 'gsiftp://midas.iop.kiev.ua:2811/jobs/2232313238988191098405719', 6, 2, 2, 0, NULL, 1323898819, NULL),
(1067, 49, 1, 711, '', 'gsiftp://midas.iop.kiev.ua:2811/jobs/218371323898793422130818', 4, 2, 1, 0, NULL, 1323898793, NULL),
(1068, 49, 1, 712, '', 'gsiftp://midas.iop.kiev.ua:2811/jobs/216121323898770667268008', 4, 2, 1, 0, NULL, 1323898771, NULL),
(1069, 49, 1, 713, '', 'gsiftp://midas.iop.kiev.ua:2811/jobs/214061323898745749074592', 6, 2, 2, 0, NULL, 1323898746, NULL),
(1070, 49, 1, 714, '', 'gsiftp://west.icmp.lviv.ua:2811/jobs/109311323898722983099549', 6, 2, 2, 0, NULL, 1323898723, NULL),
(1071, 49, 1, 715, '', 'gsiftp://midas.iop.kiev.ua:2811/jobs/2053313238986741946768654', 6, 2, 2, 0, NULL, 1323898674, NULL),
(1072, 49, 1, 716, '', 'gsiftp://midas.iop.kiev.ua:2811/jobs/198291323898641175441128', 4, 2, 1, 0, NULL, 1323898642, NULL),
(1073, 49, 1, 717, '', 'gsiftp://midas.iop.kiev.ua:2811/jobs/196271323898621881527385', 4, 2, 1, 0, NULL, 1323898621, NULL),
(1074, 49, 1, 718, '', 'gsiftp://midas.iop.kiev.ua:2811/jobs/191721323898602215525182', 6, 2, 2, 0, NULL, 1323898602, NULL),
(1075, 49, 1, 719, '', 'gsiftp://midas.iop.kiev.ua:2811/jobs/1894213238985792505504', 6, 2, 2, 0, NULL, 1323898579, NULL),
(1076, 49, 1, 720, '', 'gsiftp://midas.iop.kiev.ua:2811/jobs/1856013238985511779514572', 4, 2, 1, 0, NULL, 1323898551, NULL),
(1167, 60, 1, 24, '', 'gsiftp://cluster.ilt.kharkov.ua:2811/jobs/189711324063174622236183', 6, 2, 2, 0, NULL, 1324063175, 1324063504),
(1168, 60, 1, 25, '', 'gsiftp://cluster.ilt.kharkov.ua:2811/jobs/187511324063161310615112', 6, 2, 2, 0, NULL, 1324063162, 1324063504),
(1197, 61, 1, 1, '', 'gsiftp://cluster.ilt.kharkov.ua:2811/jobs/1049413244214031733767111', 4, 2, 1, 0, NULL, 1324421403, 1324424702),
(1198, 61, 1, 2, '', 'gsiftp://cluster.ilt.kharkov.ua:2811/jobs/1074213244214701191567679', 4, 2, 1, 0, NULL, 1324421471, 1324424702),
(1199, 61, 1, 3, '', 'gsiftp://cluster.ilt.kharkov.ua:2811/jobs/1672913244220031801396726', 4, 2, 1, 0, NULL, 1324422003, 1324425122),
(1200, 61, 1, 4, '', 'gsiftp://cluster.ilt.kharkov.ua:2811/jobs/1650913244219681729756851', 4, 2, 1, 0, NULL, 1324421969, 1324425122),
(1201, 61, 1, 5, '', 'gsiftp://cluster.ilt.kharkov.ua:2811/jobs/150551324421932982643055', 4, 2, 1, 0, NULL, 1324421932, 1324425122),
(1202, 61, 1, 6, '', 'gsiftp://cluster.ilt.kharkov.ua:2811/jobs/1483113244218971374805434', 4, 2, 1, 0, NULL, 1324421898, 1324425122),
(1281, 75, 23, 1, '', 'gsiftp://cluster.ilt.kharkov.ua:2811/jobs/2538413248609651175373782', 6, 2, 2, 0, NULL, 1324860967, 1324861262),
(1268, 70, 2, 22, 'thei.org.ua', 'gsiftp://thei.org.ua:2811/jobs/154071324701484973828628', 6, 2, 2, 0, NULL, 1324701484, 1324701902),
(1348, 74, 2, 16, NULL, NULL, NULL, 0, 0, 0, NULL, NULL, NULL),
(1126, 56, 1, 5, '', 'gsiftp://midas.iop.kiev.ua:2811/jobs/241071323898949221701360', 4, 2, 1, 0, NULL, 1323898951, NULL),
(1127, 56, 1, 6, '', 'gsiftp://pamela.imp.kiev.ua:2811/jobs/169331323899243560174341', 4, 2, 1, 0, NULL, 1323899244, NULL),
(1128, 56, 1, 7, '', 'gsiftp://pamela.imp.kiev.ua:2811/jobs/1674413238992271699043622', 4, 2, 1, 0, NULL, 1323899227, NULL),
(1129, 56, 1, 8, '', 'gsiftp://west.icmp.lviv.ua:2811/jobs/193621323899197402265833', 4, 2, 1, 0, NULL, 1323899198, NULL),
(1130, 56, 1, 9, '', 'gsiftp://west.icmp.lviv.ua:2811/jobs/1922413238991821064959163', 4, 2, 1, 1, NULL, 1323899182, NULL),
(1132, 58, 2, 2, 'thei.org.ua', 'gsiftp://thei.org.ua:2811/jobs/2341413240626111875162317', 4, 2, 1, 1, NULL, 1324062615, 1324065904),
(1133, 58, 2, 3, 'thei.org.ua', 'gsiftp://thei.org.ua:2811/jobs/26321132406287732713705', 4, 2, 1, 0, NULL, 1324062877, 1324065904),
(1206, 68, 23, 1, '', 'gsiftp://cluster.ilt.kharkov.ua:2811/jobs/8355132466788452264643', 4, 2, 1, 1, NULL, 1324667884, 1324671122),
(1141, 58, 2, 11, 'thei.org.ua', 'gsiftp://thei.org.ua:2811/jobs/3106213240630911384498186', 4, 2, 1, 0, NULL, 1324063091, 1324066323),
(1142, 58, 2, 12, 'thei.org.ua', 'gsiftp://thei.org.ua:2811/jobs/309041324063090348132666', 4, 2, 1, 1, NULL, 1324063090, 1324066263),
(1203, 61, 1, 7, '', 'gsiftp://cluster.ilt.kharkov.ua:2811/jobs/146371324421859755368067', 4, 2, 1, 0, NULL, 1324421860, 1324425122),
(1144, 60, 1, 1, '', 'gsiftp://cluster.ilt.kharkov.ua:2811/jobs/1492513240629251182601615', 4, 2, 1, 0, NULL, 1324062925, 1324066263),
(1145, 60, 1, 2, '', 'gsiftp://midas.iop.kiev.ua:2811/jobs/105591324063490245632224', 4, 2, 1, 0, NULL, 1324063491, 1324066682),
(1146, 60, 1, 3, '', 'gsiftp://midas.iop.kiev.ua:2811/jobs/10215132406345915389341', 4, 2, 1, 0, NULL, 1324063459, 1324067943),
(1147, 60, 1, 4, '', 'gsiftp://midas.iop.kiev.ua:2811/jobs/998913240634382107567973', 6, 2, 2, 0, NULL, 1324063438, 1324063922),
(1148, 60, 1, 5, '', 'gsiftp://cluster.ilt.kharkov.ua:2811/jobs/248401324063412573891081', 4, 2, 1, 0, NULL, 1324063413, 1324069622),
(1149, 60, 1, 6, '', 'gsiftp://cluster.ilt.kharkov.ua:2811/jobs/247111324063389941168666', 4, 2, 1, 0, NULL, 1324063390, 1324066682),
(1150, 60, 1, 7, '', 'gsiftp://cluster.ilt.kharkov.ua:2811/jobs/2351113240633751856308397', 4, 2, 1, 0, NULL, 1324063375, 1324066682),
(1151, 60, 1, 8, '', 'gsiftp://cluster.ilt.kharkov.ua:2811/jobs/2318913240633601273991891', 4, 2, 1, 0, NULL, 1324063360, 1324067523),
(1152, 60, 1, 9, '', 'gsiftp://cluster.ilt.kharkov.ua:2811/jobs/230181324063341772639943', 4, 2, 1, 0, NULL, 1324063342, 1324068783),
(1153, 60, 1, 10, '', 'gsiftp://cluster.ilt.kharkov.ua:2811/jobs/227171324063325840790047', 4, 2, 1, 0, NULL, 1324063325, 1324069622),
(1154, 60, 1, 11, '', 'gsiftp://cluster.ilt.kharkov.ua:2811/jobs/2139613240633061422106259', 6, 2, 2, 0, NULL, 1324063306, 1324063505),
(1155, 60, 1, 12, '', 'gsiftp://cluster.ilt.kharkov.ua:2811/jobs/212881324063292948895603', 6, 2, 2, 0, NULL, 1324063293, 1324063504),
(1156, 60, 1, 13, '', 'gsiftp://cluster.ilt.kharkov.ua:2811/jobs/2110813240632771199635088', 6, 2, 2, 0, NULL, 1324063277, 1324063505),
(1157, 60, 1, 14, '', 'gsiftp://cluster.ilt.kharkov.ua:2811/jobs/2099613240632561624582028', 6, 2, 2, 0, NULL, 1324063257, 1324063505),
(1158, 60, 1, 15, '', 'gsiftp://cluster.ilt.kharkov.ua:2811/jobs/208311324063243223541358', 6, 2, 2, 0, NULL, 1324063243, 1324063505),
(1159, 60, 1, 16, '', 'gsiftp://cluster.ilt.kharkov.ua:2811/jobs/186291324063146403086281', 6, 2, 2, 0, NULL, 1324063146, 1324063504),
(1160, 60, 1, 17, '', 'gsiftp://cluster.ilt.kharkov.ua:2811/jobs/20663132406322838254254', 6, 2, 2, 0, NULL, 1324063228, 1324063504),
(1402, 82, 2, 6, '', 'gsiftp://cluster.ilt.kharkov.ua:2811/jobs/173311325534141289587456', 4, 2, 1, 0, NULL, 1325534142, 1325537582),
(1347, 74, 2, 15, NULL, NULL, NULL, 0, 0, 0, NULL, NULL, NULL),
(1346, 74, 2, 14, NULL, NULL, NULL, 0, 0, 0, NULL, NULL, NULL),
(1345, 74, 2, 13, '', 'gsiftp://cluster.ilt.kharkov.ua:2811/jobs/45313250160131022472651', 6, 2, 2, 0, NULL, 1325016014, 1325016482),
(1344, 74, 2, 12, NULL, NULL, NULL, 0, 0, 0, NULL, NULL, NULL),
(1182, 60, 1, 39, '', 'gsiftp://midas.iop.kiev.ua:2811/jobs/2619413240650311888715251', 4, 2, 1, 0, NULL, 1324065032, 1324070402),
(1266, 70, 2, 20, 'thei.org.ua', 'gsiftp://thei.org.ua:2811/jobs/1601813247014891533431817', 6, 2, 2, 0, NULL, 1324701489, 1324701903),
(1331, 79, 2, 11, 'thei.org.ua', 'gsiftp://thei.org.ua:2811/jobs/1442313250152971118703334', 4, 2, 1, 1, NULL, 1325015298, 1325018522),
(1343, 74, 2, 11, NULL, NULL, NULL, 0, 0, 0, NULL, NULL, NULL),
(1212, 58, 2, 18, '', 'gsiftp://cluster.ilt.kharkov.ua:2811/jobs/102621324671762547280227', 4, 2, 1, 0, NULL, 1324671762, 1324675142),
(1219, 66, 14, 3, '', 'gsiftp://midas.iop.kiev.ua:2811/jobs/55621324672485449796125', 4, 2, 1, 0, NULL, 1324672485, 1324675562),
(1169, 60, 1, 26, '', 'gsiftp://midas.iop.kiev.ua:2811/jobs/172481324064203599098811', 4, 2, 1, 0, NULL, 1324064203, 1324067523),
(1170, 60, 1, 27, '', 'gsiftp://midas.iop.kiev.ua:2811/jobs/308401324065359143457294', 4, 2, 1, 0, NULL, 1324065359, 1324069986),
(1171, 60, 1, 28, '', 'gsiftp://pamela.imp.kiev.ua:2811/jobs/139351324065330109301534', 4, 2, 1, 0, NULL, 1324065331, 1324069562),
(1172, 60, 1, 29, '', 'gsiftp://midas.iop.kiev.ua:2811/jobs/2980013240652831480100906', 6, 2, 2, 0, NULL, 1324065284, 1324065485),
(1173, 60, 1, 30, '', 'gsiftp://midas.iop.kiev.ua:2811/jobs/2977613240652561107273622', 6, 2, 2, 0, NULL, 1324065256, 1324065485),
(1174, 60, 1, 31, '', 'gsiftp://midas.iop.kiev.ua:2811/jobs/290631324065234276730796', 4, 2, 1, 0, NULL, 1324065234, 1324068363),
(1175, 60, 1, 32, '', 'gsiftp://midas.iop.kiev.ua:2811/jobs/287841324065202348087998', 4, 2, 1, 0, NULL, 1324065203, 1324068363),
(1288, 71, 2, 12, NULL, NULL, NULL, 0, 0, 0, NULL, NULL, NULL),
(1289, 77, 14, 2, '', 'gsiftp://cluster.ilt.kharkov.ua:2811/jobs/27011325012982165673942', 6, 2, 2, 0, NULL, 1325012985, 1325013242),
(1442, 83, 2, 1, 'uagrid.org.ua', 'gsiftp://uagrid.org.ua:2811/jobs/2585113255715511864447073', 6, 2, 2, 0, NULL, 1325571072, 1325603822),
(1342, 74, 2, 10, NULL, NULL, NULL, 0, 0, 0, NULL, NULL, NULL),
(1194, 12, 14, 5, '', 'gsiftp://midas.iop.kiev.ua:2811/jobs/3149013240654011023930844', 4, 2, 1, 0, NULL, 1324065402, 1324070402),
(1195, 12, 14, 6, NULL, NULL, NULL, 0, 0, 0, NULL, NULL, NULL),
(1196, 12, 14, 7, NULL, NULL, NULL, 0, 0, 0, NULL, NULL, NULL),
(1229, 70, 2, 2, '', 'gsiftp://uagrid.org.ua:2811/jobs/178521324699842864720993', 6, 2, 2, 0, NULL, 1324699374, 1324705022),
(1452, 85, 2, 1, 'uagrid.org.ua', 'gsiftp://uagrid.org.ua:2811/jobs/3022213255740192072305961', 4, 2, 1, 0, NULL, 1325573622, 1325618162),
(1259, 70, 2, 13, 'thei.org.ua', 'gsiftp://thei.org.ua:2811/jobs/1559113247014851626207566', 6, 2, 2, 0, NULL, 1324701486, 1324701903),
(1260, 70, 2, 14, 'thei.org.ua', 'gsiftp://thei.org.ua:2811/jobs/1541013247014841136333726', 6, 2, 2, 0, NULL, 1324701484, 1324701903),
(1261, 70, 2, 15, 'thei.org.ua', 'gsiftp://thei.org.ua:2811/jobs/1284113247012731570897271', 6, 2, 2, 0, NULL, 1324701274, 1324701483),
(1262, 70, 2, 16, 'thei.org.ua', 'gsiftp://thei.org.ua:2811/jobs/157551324701487834596623', 6, 2, 2, 0, NULL, 1324701488, 1324701902),
(1255, 70, 2, 9, 'thei.org.ua', 'gsiftp://thei.org.ua:2811/jobs/101681324701065514321783', 6, 2, 2, 0, NULL, 1324701066, 1324701483),
(1256, 70, 2, 10, 'thei.org.ua', 'gsiftp://thei.org.ua:2811/jobs/1004713247010641112344802', 6, 2, 2, 0, NULL, 1324701064, 1324701483),
(1257, 70, 2, 11, 'thei.org.ua', 'gsiftp://thei.org.ua:2811/jobs/1093313247010991251869023', 6, 2, 2, 0, NULL, 1324701099, 1324701483),
(1447, 83, 2, 6, 'uagrid.org.ua', 'gsiftp://uagrid.org.ua:2811/jobs/150213255720851500691585', 6, 2, 2, 0, NULL, 1325571605, 1325613182),
(1279, 68, 23, 2, '', 'gsiftp://cluster.ilt.kharkov.ua:2811/jobs/130411324859606358980123', 4, 2, 1, 0, NULL, 1324859606, 1324862882),
(1121, 56, 1, 1, '', 'gsiftp://midas.iop.kiev.ua:2811/jobs/907613238979011888521323', 4, 2, 1, 0, NULL, 1323897902, NULL),
(1166, 60, 1, 23, '', 'gsiftp://cluster.ilt.kharkov.ua:2811/jobs/190821324063187493771724', 6, 2, 2, 0, NULL, 1324063187, 1324063504),
(1163, 60, 1, 20, '', 'gsiftp://cluster.ilt.kharkov.ua:2811/jobs/172921324063112745695767', 6, 2, 2, 0, NULL, 1324063112, 1324063504),
(1124, 56, 1, 4, '', 'gsiftp://midas.iop.kiev.ua:2811/jobs/159881323898372685373755', 4, 2, 1, 0, NULL, 1323898373, NULL),
(1209, 58, 2, 15, '', 'gsiftp://midas.iop.kiev.ua:2811/jobs/327661324671880525534754', 4, 2, 1, 0, NULL, 1324671880, 1324675142),
(1211, 58, 2, 17, '', 'gsiftp://cluster.ilt.kharkov.ua:2811/jobs/105061324671801375569193', 4, 2, 1, 0, NULL, 1324671801, 1324675142),
(1437, 82, 2, 41, 'thei.org.ua', 'gsiftp://thei.org.ua:2811/jobs/281851325570042109745172', 4, 2, 1, 0, NULL, 1325570042, 1325573342),
(1448, 83, 2, 7, 'uagrid.org.ua', 'gsiftp://uagrid.org.ua:2811/jobs/943713255725751930269780', 6, 2, 2, 0, NULL, 1325572096, 1325613182),
(1449, 83, 2, 8, 'uagrid.org.ua', 'gsiftp://uagrid.org.ua:2811/jobs/938313255725732090711858', 6, 2, 2, 0, NULL, 1325572093, 1325613182),
(1450, 83, 2, 9, 'uagrid.org.ua', 'gsiftp://uagrid.org.ua:2811/jobs/817813255725711952256011', 6, 2, 2, 0, NULL, 1325572091, 1325613182),
(1208, 58, 2, 14, '', 'gsiftp://midas.iop.kiev.ua:2811/jobs/9111324671929662740345', 6, 2, 2, 0, NULL, 1324671929, 1324672442),
(1177, 60, 1, 34, '', 'gsiftp://midas.iop.kiev.ua:2811/jobs/2797413240651521591749099', 6, 2, 2, 0, NULL, 1324065153, 1324065485),
(1287, 71, 2, 11, NULL, NULL, NULL, 0, 0, 0, NULL, NULL, NULL),
(1258, 70, 2, 12, 'thei.org.ua', 'gsiftp://thei.org.ua:2811/jobs/15761132470148773865624', 6, 2, 2, 0, NULL, 1324701487, 1324701902),
(1264, 70, 2, 18, 'thei.org.ua', 'gsiftp://thei.org.ua:2811/jobs/1542213247014841783257713', 6, 2, 2, 0, NULL, 1324701484, 1324701903),
(1283, 77, 14, 1, '', 'gsiftp://cluster.ilt.kharkov.ua:2811/jobs/307341325012486148463924', 6, 2, 2, 0, NULL, 1325012487, 1325012882),
(1285, 71, 2, 9, 'thei.org.ua', 'gsiftp://thei.org.ua:2811/jobs/1826313250129231175248061', 4, 2, 1, 0, NULL, 1325012923, 1325016062),
(1254, 70, 2, 8, 'thei.org.ua', 'gsiftp://thei.org.ua:2811/jobs/1029713247010671483336561', 6, 2, 2, 0, NULL, 1324701068, 1324701483),
(996, 12, 14, 2, '', 'gsiftp://thei.org.ua:2811/jobs/2995313237024462145582436', 4, 2, 1, 0, NULL, 1323702446, NULL),
(927, 52, 1, 1, NULL, NULL, NULL, 0, 0, 0, NULL, NULL, NULL),
(928, 52, 1, 2, 'thei.org.ua', 'gsiftp://thei.org.ua:2811/jobs/119911323686548848230139', 4, 2, 1, 0, NULL, 1323686552, NULL),
(929, 52, 1, 3, 'thei.org.ua', 'gsiftp://thei.org.ua:2811/jobs/167111323687004180258858', 4, 2, 1, 0, NULL, 1323687004, NULL),
(930, 49, 1, 633, '', 'gsiftp://cluster.ilt.kharkov.ua:2811/jobs/2322013237022221438959487', 4, 2, 1, 0, NULL, 1323702222, NULL),
(934, 49, 1, 637, '', 'gsiftp://midas.iop.kiev.ua:2811/jobs/695613237034371990025879', 4, 2, 1, 0, NULL, 1323703438, NULL),
(936, 49, 1, 639, '', 'gsiftp://uagrid.org.ua:2811/jobs/2422713237031841851804138', 4, 2, 1, 0, NULL, 1323702728, NULL),
(940, 49, 1, 643, '', 'gsiftp://midas.iop.kiev.ua:2811/jobs/156113237030111623864854', 4, 2, 1, 0, NULL, 1323703012, NULL),
(941, 49, 1, 644, '', 'gsiftp://midas.iop.kiev.ua:2811/jobs/613313237033961573783079', 4, 2, 1, 0, NULL, 1323703396, NULL),
(942, 49, 1, 645, '', 'gsiftp://uagrid.org.ua:2811/jobs/2362113237031601553996118', 4, 2, 1, 0, NULL, 1323702703, NULL),
(943, 49, 1, 646, '', 'gsiftp://midas.iop.kiev.ua:2811/jobs/1468132370299546967448', 4, 2, 1, 0, NULL, 1323702995, NULL),
(947, 49, 1, 650, '', 'gsiftp://midas.iop.kiev.ua:2811/jobs/58401323703356845698538', 4, 2, 1, 0, NULL, 1323703356, NULL),
(950, 49, 1, 653, '', 'gsiftp://midas.iop.kiev.ua:2811/jobs/100613237029571169815287', 4, 2, 1, 0, NULL, 1323702957, NULL),
(952, 49, 1, 655, '', 'gsiftp://midas.iop.kiev.ua:2811/jobs/755132370293536977492', 4, 2, 1, 0, NULL, 1323702935, NULL),
(954, 49, 1, 657, '', 'gsiftp://uagrid.org.ua:2811/jobs/215681323703109108342072', 4, 2, 1, 0, NULL, 1323702653, NULL),
(956, 49, 1, 659, '', 'gsiftp://uagrid.org.ua:2811/jobs/2036413237030992097276947', 4, 2, 1, 0, NULL, 1323702643, NULL),
(957, 49, 1, 660, '', 'gsiftp://midas.iop.kiev.ua:2811/jobs/108211323703713721244156', 4, 2, 1, 0, NULL, 1323703713, NULL),
(958, 49, 1, 661, '', 'gsiftp://midas.iop.kiev.ua:2811/jobs/516113237032922067074145', 4, 2, 1, 0, NULL, 1323703293, NULL),
(960, 49, 1, 663, '', 'gsiftp://uagrid.org.ua:2811/jobs/198991323703080341030374', 4, 2, 1, 0, NULL, 1323702623, NULL),
(961, 49, 1, 664, '', 'gsiftp://midas.iop.kiev.ua:2811/jobs/108041323703690211468372', 4, 2, 1, 0, NULL, 1323703691, NULL),
(963, 49, 1, 666, '', 'gsiftp://midas.iop.kiev.ua:2811/jobs/466913237032751861418101', 4, 2, 1, 0, NULL, 1323703275, NULL),
(964, 49, 1, 667, '', 'gsiftp://uagrid.org.ua:2811/jobs/196731323703070953194517', 4, 2, 1, 0, NULL, 1323702614, NULL),
(1392, 81, 1, 4, 'thei.org.ua', 'gsiftp://thei.org.ua:2811/jobs/2874613250757651284430000', 6, 2, 2, 0, NULL, 1325075765, 1325076183),
(968, 49, 1, 671, '', 'gsiftp://uagrid.org.ua:2811/jobs/1842913237030611154547356', 4, 2, 1, 0, NULL, 1323702604, NULL),
(971, 49, 1, 674, '', 'gsiftp://cluster.ilt.kharkov.ua:2811/jobs/2876813237025901511325795', 4, 2, 1, 0, NULL, 1323702591, NULL),
(973, 49, 1, 676, '', 'gsiftp://midas.iop.kiev.ua:2811/jobs/373613237032012125856017', 4, 2, 1, 0, NULL, 1323703201, NULL),
(974, 49, 1, 677, '', 'gsiftp://cluster.ilt.kharkov.ua:2811/jobs/271111323702533951798891', 4, 2, 1, 0, NULL, 1323702534, NULL),
(975, 49, 1, 678, '', 'gsiftp://arc.biomed.kiev.ua:2811/jobs/1556513237028481802109453', 4, 2, 1, 0, NULL, 1323702849, NULL),
(976, 49, 1, 679, '', 'gsiftp://cluster.ilt.kharkov.ua:2811/jobs/276421323702581186957254', 4, 2, 1, 0, NULL, 1323702581, NULL),
(977, 49, 1, 680, '', 'gsiftp://midas.iop.kiev.ua:2811/jobs/98391323703617156440729', 4, 2, 1, 0, NULL, 1323703618, NULL),
(978, 49, 1, 681, '', 'gsiftp://west.icmp.lviv.ua:2811/jobs/921213237031841619207629', 4, 2, 1, 0, NULL, 1323703185, NULL),
(979, 49, 1, 682, '', 'gsiftp://cluster.ilt.kharkov.ua:2811/jobs/269451323702518156592862', 4, 2, 1, 0, NULL, 1323702519, NULL),
(980, 49, 1, 683, '', 'gsiftp://cluster.ilt.kharkov.ua:2811/jobs/2753513237025701716618399', 4, 2, 1, 0, NULL, 1323702571, NULL),
(981, 49, 1, 684, '', 'gsiftp://arc.biomed.kiev.ua:2811/jobs/1525713237028192042216549', 4, 2, 1, 0, NULL, 1323702820, NULL),
(984, 49, 1, 687, '', 'gsiftp://cluster.ilt.kharkov.ua:2811/jobs/268451323702509331166673', 4, 2, 1, 0, NULL, 1323702510, NULL),
(985, 49, 1, 688, '', 'gsiftp://arc.biomed.kiev.ua:2811/jobs/1512313237028021835976367', 4, 2, 1, 0, NULL, 1323702803, NULL),
(986, 49, 1, 689, '', 'gsiftp://cluster.ilt.kharkov.ua:2811/jobs/273181323702552161113382', 4, 2, 1, 0, NULL, 1323702552, NULL),
(987, 49, 1, 690, '', 'gsiftp://midas.iop.kiev.ua:2811/jobs/889113237035532139369931', 4, 2, 1, 0, NULL, 1323703553, NULL),
(988, 49, 1, 691, '', 'gsiftp://west.icmp.lviv.ua:2811/jobs/875513237031241616379103', 4, 2, 1, 0, NULL, 1323703124, NULL),
(989, 49, 1, 692, '', 'gsiftp://cluster.ilt.kharkov.ua:2811/jobs/267431323702500799470753', 4, 2, 1, 0, NULL, 1323702500, NULL),
(990, 49, 1, 693, '', 'gsiftp://cluster.ilt.kharkov.ua:2811/jobs/272151323702542175604813', 4, 2, 1, 0, NULL, 1323702543, NULL),
(991, 49, 1, 694, '', 'gsiftp://arc.biomed.kiev.ua:2811/jobs/1501013237027781620671110', 4, 2, 1, 0, NULL, 1323702779, NULL),
(992, 49, 1, 695, '', 'gsiftp://midas.iop.kiev.ua:2811/jobs/85051323703530541286251', 4, 2, 1, 0, NULL, 1323703531, NULL),
(993, 49, 1, 696, '', 'gsiftp://midas.iop.kiev.ua:2811/jobs/25361323703086285509170', 4, 2, 1, 0, NULL, 1323703087, NULL),
(994, 49, 1, 697, '', 'gsiftp://arc.biomed.kiev.ua:2811/jobs/149091323702761343498054', 4, 2, 1, 0, NULL, 1323702762, NULL),
(995, 49, 1, 698, '', 'gsiftp://midas.iop.kiev.ua:2811/jobs/792713237034981990102212', 4, 2, 1, 0, NULL, 1323703498, NULL),
(997, 12, 14, 3, '', 'gsiftp://thei.org.ua:2811/jobs/520213237029211773988381', 4, 2, 1, 0, NULL, 1323702921, NULL),
(998, 12, 14, 4, '', 'gsiftp://thei.org.ua:2811/jobs/495913237029111406950833', 4, 2, 1, 0, NULL, 1323702912, NULL),
(1393, 81, 1, 5, 'thei.org.ua', 'gsiftp://thei.org.ua:2811/jobs/286601325075764896163251', 6, 2, 2, 0, NULL, 1325075765, 1325076183),
(1193, 60, 1, 50, '', 'gsiftp://midas.iop.kiev.ua:2811/jobs/225811324064725453758215', 6, 2, 2, 0, NULL, 1324064726, 1324065065),
(999, 50, 2, 10, '', 'gsiftp://midas.iop.kiev.ua:2811/jobs/1404313237039231288465093', 4, 2, 1, 1, NULL, 1323703923, NULL),
(1000, 50, 2, 11, '', 'gsiftp://midas.iop.kiev.ua:2811/jobs/176461323704188146244204', 4, 2, 1, 1, NULL, 1323704189, NULL),
(1001, 50, 2, 12, '', 'gsiftp://midas.iop.kiev.ua:2811/jobs/174521323704167101029101', 4, 2, 1, 1, NULL, 1323704168, NULL),
(1004, 53, 1, 1, '', 'gsiftp://cluster.ilt.kharkov.ua:2811/jobs/226921323736386278597863', 4, 2, 1, 0, NULL, 1323736387, NULL),
(1005, 53, 1, 2, '', 'gsiftp://midas.iop.kiev.ua:2811/jobs/166713237371301747226009', 4, 2, 1, 0, NULL, 1323737131, NULL),
(1006, 53, 1, 3, '', 'gsiftp://midas.iop.kiev.ua:2811/jobs/15741323737106464531130', 4, 2, 1, 0, NULL, 1323737108, NULL),
(1007, 53, 1, 4, '', 'gsiftp://midas.iop.kiev.ua:2811/jobs/130213237370871174569280', 4, 2, 1, 0, NULL, 1323737087, NULL),
(1008, 53, 1, 5, '', 'gsiftp://uagrid.org.ua:2811/jobs/1127113237375261736771073', 6, 2, 2, 0, NULL, 1323737069, NULL),
(1009, 53, 1, 6, '', 'gsiftp://uagrid.org.ua:2811/jobs/992213237375111037797589', 6, 2, 2, 0, NULL, 1323737054, NULL),
(1010, 53, 1, 7, '', 'gsiftp://uagrid.org.ua:2811/jobs/973213237375002035110546', 6, 2, 2, 0, NULL, 1323737043, NULL),
(1011, 53, 1, 8, '', 'gsiftp://cluster.ilt.kharkov.ua:2811/jobs/2914513237370221475310051', 4, 2, 1, 0, NULL, 1323737022, NULL),
(1012, 53, 1, 9, '', 'gsiftp://cluster.ilt.kharkov.ua:2811/jobs/29036132373701281105712', 4, 2, 1, 0, NULL, 1323737013, NULL),
(1013, 53, 1, 10, '', 'gsiftp://cluster.ilt.kharkov.ua:2811/jobs/289241323737003366310739', 4, 2, 1, 0, NULL, 1323737004, NULL),
(1014, 53, 1, 11, '', 'gsiftp://cluster.ilt.kharkov.ua:2811/jobs/2873913237369851990016801', 4, 2, 1, 0, NULL, 1323736985, NULL),
(1015, 53, 1, 12, '', 'gsiftp://cluster.ilt.kharkov.ua:2811/jobs/2757413237369761470604438', 4, 2, 1, 0, NULL, 1323736976, NULL),
(1016, 53, 1, 13, '', 'gsiftp://cluster.ilt.kharkov.ua:2811/jobs/2746213237369671760587555', 4, 2, 1, 0, NULL, 1323736967, NULL),
(1017, 53, 1, 14, '', 'gsiftp://cluster.ilt.kharkov.ua:2811/jobs/2728313237369511703243254', 4, 2, 1, 0, NULL, 1323736952, NULL),
(1018, 53, 1, 15, '', 'gsiftp://cluster.ilt.kharkov.ua:2811/jobs/2717913237369412022027238', 4, 2, 1, 0, NULL, 1323736942, NULL),
(1019, 53, 1, 16, '', 'gsiftp://cluster.ilt.kharkov.ua:2811/jobs/268941323736932470760053', 4, 2, 1, 0, NULL, 1323736933, NULL),
(1020, 50, 2, 13, '', 'gsiftp://midas.iop.kiev.ua:2811/jobs/120021323738052825067109', 4, 2, 1, 0, NULL, 1323738052, NULL),
(1021, 50, 2, 14, '', 'gsiftp://midas.iop.kiev.ua:2811/jobs/1495113237382681401599019', 4, 2, 1, 0, NULL, 1323738269, NULL),
(1022, 50, 2, 15, '', 'gsiftp://midas.iop.kiev.ua:2811/jobs/1485513237382531667927004', 4, 2, 1, 0, NULL, 1323738253, NULL),
(1025, 50, 2, 18, '', 'gsiftp://midas.iop.kiev.ua:2811/jobs/127841323738114991425963', 4, 2, 1, 0, NULL, 1323738115, NULL),
(1026, 50, 2, 19, '', 'gsiftp://midas.iop.kiev.ua:2811/jobs/2124813237387211375322815', 4, 2, 1, 0, NULL, 1323738721, NULL),
(1029, 50, 2, 22, '', 'gsiftp://pamela.imp.kiev.ua:2811/jobs/1187213237386531721889502', 4, 2, 1, 1, NULL, 1323738654, NULL),
(1204, 66, 14, 1, '', 'gsiftp://cluster.ilt.kharkov.ua:2811/jobs/190961324665296851998212', 4, 2, 1, 0, NULL, 1324665297, 1324668482),
(1441, 82, 2, 45, 'thei.org.ua', 'gsiftp://thei.org.ua:2811/jobs/439913255708231138852795', 4, 2, 1, 0, NULL, 1325570824, 1325576942),
(1035, 48, 1, 6, NULL, NULL, NULL, 0, 0, 0, NULL, NULL, NULL),
(1036, 48, 1, 7, NULL, NULL, NULL, 0, 0, 0, NULL, NULL, NULL),
(1037, 48, 1, 8, NULL, NULL, NULL, 0, 0, 0, NULL, NULL, NULL),
(1038, 48, 1, 9, NULL, NULL, NULL, 0, 0, 0, NULL, NULL, NULL),
(1039, 48, 1, 10, NULL, NULL, NULL, 0, 0, 0, NULL, NULL, NULL),
(1040, 54, 1, 1, NULL, NULL, NULL, 0, 0, 0, NULL, NULL, NULL),
(1041, 54, 1, 2, 'thei.org.ua', 'gsiftp://thei.org.ua:2811/jobs/2715613238031171173030096', 4, 2, 1, 0, NULL, 1323803122, NULL),
(1042, 54, 1, 3, NULL, NULL, NULL, 0, 0, 0, NULL, NULL, NULL),
(1043, 54, 1, 4, 'thei.org.ua', 'gsiftp://thei.org.ua:2811/jobs/3142713238034691495846310', 6, 2, 2, 0, NULL, 1323803469, NULL),
(1044, 54, 1, 5, 'thei.org.ua', 'gsiftp://thei.org.ua:2811/jobs/312591323803468580233055', 6, 2, 2, 0, NULL, 1323803468, NULL),
(1045, 54, 1, 6, 'thei.org.ua', 'gsiftp://thei.org.ua:2811/jobs/3107213238034651155985526', 4, 2, 1, 1, NULL, 1323803466, NULL),
(1046, 50, 2, 28, '', 'gsiftp://cluster.ilt.kharkov.ua:2811/jobs/80213238132031532522011', 4, 2, 1, 1, NULL, 1323813204, NULL),
(1205, 66, 14, 2, '', 'gsiftp://cluster.ilt.kharkov.ua:2811/jobs/2696013246661981730082745', 4, 2, 1, 0, NULL, 1324666199, 1324669382);

DROP TABLE IF EXISTS `tasks`;
CREATE TABLE `tasks` (
  `id` int(10) unsigned NOT NULL auto_increment,
  `uid` int(10) unsigned default NULL,
  `name` varchar(255) /*!40101 collate utf8_bin */ default NULL,
  `project_id` int(10) unsigned NOT NULL,
  `jobid` varchar(255) /*!40101 collate utf8_bin */ NOT NULL,
  `xrsl_command` text /*!40101 collate utf8_bin */,
  `state` smallint(6) default NULL,
  `date` int(10) unsigned default NULL,
  `is_test` char(1) /*!40101 collate utf8_bin */ default NULL,
  `is_gridjob_loaded` char(1) /*!40101 collate utf8_bin */ NOT NULL default '0',
  PRIMARY KEY  (`id`)
) ENGINE=MyISAM AUTO_INCREMENT=52 /*!40101 DEFAULT CHARSET=utf8 */ /*!40101 COLLATE=utf8_bin */;

INSERT INTO `tasks` VALUES
(13, 4, '1', 0, '', 'a:9:{s:10:\"executable\";s:12:\"\"/bin/sleep\"\";s:9:\"arguments\";s:6:\"\"2850\"\";s:7:\" stdout\";s:15:\"\"CrimeaEco.txt\"\";s:7:\" stderr\";s:15:\"\"CrimeaEco.err\"\";s:12:\" outputFiles\";s:40:\"(\"CrimeaEco.txt\" \"\")(\"CrimeaEco.err\" \"\")\";s:6:\" gmlog\";s:10:\"\"gridlog\" \";s:8:\" jobname\";s:27:\"\"Test job on CrimeaEco VO\" \";s:8:\" cputime\";s:5:\"2850 \";s:6:\" count\";s:2:\"1 \";}', 10, 1316830106, '1', '1'),
(14, 6, 'TEST', 0, 'gsiftp://uagrid.org.ua:2811/jobs/1557313168854121989188400', 'a:9:{s:10:\"executable\";s:12:\"\"/bin/sleep\"\";s:9:\"arguments\";s:6:\"\"2850\"\";s:7:\" stdout\";s:15:\"\"CrimeaEco.txt\"\";s:7:\" stderr\";s:15:\"\"CrimeaEco.err\"\";s:12:\" outputFiles\";s:40:\"(\"CrimeaEco.txt\" \"\")(\"CrimeaEco.err\" \"\")\";s:6:\" gmlog\";s:10:\"\"gridlog\" \";s:8:\" jobname\";s:27:\"\"Test job on CrimeaEco VO\" \";s:8:\" cputime\";s:5:\"2850 \";s:6:\" count\";s:2:\"1 \";}', 9, 1316885362, '1', '1'),
(17, 2, 'Forest-fire', 0, 'gsiftp://cluster.immsp.kiev.ua:2811/jobs/318021318848812676777225', 'a:10:{s:10:\"executable\";s:6:\"job.sh\";s:11:\"executables\";s:26:\"fds5_openmp_intel_linux_32\";s:10:\"inputFiles\";s:65:\"(\"fds5_openmp_intel_linux_32\" \"\")(\"job.sh\" \"\")(\"forest_3.fds\" \"\")\";s:6:\"stdout\";s:11:\"\"hello.txt\"\";s:6:\"stderr\";s:11:\"\"hello.err\"\";s:11:\"outputFiles\";s:54:\"(\"hello.txt\" \"\")(\"forest_fire.tar\" \"\")(\"hello.err\" \"\")\";s:5:\"gmlog\";s:9:\"\"gridlog\"\";s:7:\"jobname\";s:21:\"\"forest fire2_openMP\"\";s:8:\" cputime\";s:5:\"2850 \";s:6:\" count\";s:2:\"1 \";}', 9, 1317153162, '0', '1'),
(9, 2, 'TEST', 0, 'gsiftp://cluster.immsp.kiev.ua:2811/jobs/146581318941486952277013', 'a:9:{s:10:\"executable\";s:12:\"\"/bin/sleep\"\";s:9:\"arguments\";s:6:\"\"2850\"\";s:7:\" stdout\";s:15:\"\"CrimeaEco.txt\"\";s:7:\" stderr\";s:15:\"\"CrimeaEco.err\"\";s:12:\" outputFiles\";s:40:\"(\"CrimeaEco.txt\" \"\")(\"CrimeaEco.err\" \"\")\";s:6:\" gmlog\";s:10:\"\"gridlog\" \";s:8:\" jobname\";s:27:\"\"Test job on CrimeaEco VO\" \";s:8:\" cputime\";s:5:\"2850 \";s:6:\" count\";s:2:\"1 \";}', 9, 1316703634, '1', '1'),
(18, 2, 'TEST_NEW', 0, 'gsiftp://thei.org.ua:2811/jobs/173313171537911151683717', 'a:9:{s:10:\"executable\";s:12:\"\"/bin/sleep\"\";s:9:\"arguments\";s:6:\"\"2850\"\";s:7:\" stdout\";s:15:\"\"CrimeaEco.txt\"\";s:7:\" stderr\";s:15:\"\"CrimeaEco.err\"\";s:12:\" outputFiles\";s:40:\"(\"CrimeaEco.txt\" \"\")(\"CrimeaEco.err\" \"\")\";s:6:\" gmlog\";s:10:\"\"gridlog\" \";s:8:\" jobname\";s:27:\"\"Test job on CrimeaEco VO\" \";s:8:\" cputime\";s:5:\"2850 \";s:6:\" count\";s:2:\"1 \";}', 4, 1317153769, '1', '1'),
(51, 2, 'test', 1, '', NULL, 10, 1318613956, NULL, '0'),
(28, 2, 'TEST!', 0, 'gsiftp://arc.univ.kiev.ua:21/job/211213172706021880237163/CrimeaEco.err', 'a:9:{s:10:\"executable\";s:12:\"\"/bin/sleep\"\";s:9:\"arguments\";s:6:\"\"2850\"\";s:7:\" stdout\";s:15:\"\"CrimeaEco.txt\"\";s:7:\" stderr\";s:15:\"\"CrimeaEco.err\"\";s:12:\" outputFiles\";s:40:\"(\"CrimeaEco.txt\" \"\")(\"CrimeaEco.err\" \"\")\";s:6:\" gmlog\";s:10:\"\"gridlog\" \";s:8:\" jobname\";s:27:\"\"Test job on CrimeaEco VO\" \";s:8:\" cputime\";s:5:\"2850 \";s:6:\" count\";s:2:\"1 \";}', 4, 1317268812, '1', '1'),
(19, 6, 'test_dima', 0, '', 'a:9:{s:10:\"executable\";s:12:\"\"/bin/sleep\"\";s:9:\"arguments\";s:6:\"\"2850\"\";s:7:\" stdout\";s:15:\"\"CrimeaEco.txt\"\";s:7:\" stderr\";s:15:\"\"CrimeaEco.err\"\";s:12:\" outputFiles\";s:40:\"(\"CrimeaEco.txt\" \"\")(\"CrimeaEco.err\" \"\")\";s:6:\" gmlog\";s:10:\"\"gridlog\" \";s:8:\" jobname\";s:27:\"\"Test job on CrimeaEco VO\" \";s:8:\" cputime\";s:5:\"2850 \";s:6:\" count\";s:2:\"1 \";}', 10, 1317240149, '1', '1'),
(29, 2, 'TEST123', 0, 'gsiftp://cluster.immsp.kiev.ua:2811/jobs/138813183501861114660184', 'a:9:{s:10:\"executable\";s:12:\"\"/bin/sleep\"\";s:9:\"arguments\";s:6:\"\"2850\"\";s:7:\" stdout\";s:15:\"\"CrimeaEco.txt\"\";s:7:\" stderr\";s:15:\"\"CrimeaEco.err\"\";s:12:\" outputFiles\";s:40:\"(\"CrimeaEco.txt\" \"\")(\"CrimeaEco.err\" \"\")\";s:6:\" gmlog\";s:10:\"\"gridlog\" \";s:8:\" jobname\";s:27:\"\"Test job on CrimeaEco VO\" \";s:8:\" cputime\";s:5:\"2850 \";s:6:\" count\";s:2:\"1 \";}', 9, 1317270837, '1', '1'),
(30, 2, 'Start1', 0, 'gsiftp://thei.org.ua:2811/jobs/678013174802531454462177', 'a:9:{s:10:\"executable\";s:12:\"\"/bin/sleep\"\";s:9:\"arguments\";s:6:\"\"2850\"\";s:7:\" stdout\";s:15:\"\"CrimeaEco.txt\"\";s:7:\" stderr\";s:15:\"\"CrimeaEco.err\"\";s:12:\" outputFiles\";s:40:\"(\"CrimeaEco.txt\" \"\")(\"CrimeaEco.err\" \"\")\";s:6:\" gmlog\";s:10:\"\"gridlog\" \";s:8:\" jobname\";s:27:\"\"Test job on CrimeaEco VO\" \";s:8:\" cputime\";s:5:\"2850 \";s:6:\" count\";s:2:\"1 \";}', 7, 1317277251, '1', '1'),
(39, 2, '123', 0, 'gsiftp://grid.ipm.lviv.ua:2811/jobs/625813180805999125114', 'a:9:{s:10:\"executable\";s:12:\"\"/bin/sleep\"\";s:9:\"arguments\";s:6:\"\"2850\"\";s:7:\" stdout\";s:15:\"\"CrimeaEco.txt\"\";s:7:\" stderr\";s:15:\"\"CrimeaEco.err\"\";s:12:\" outputFiles\";s:40:\"(\"CrimeaEco.txt\" \"\")(\"CrimeaEco.err\" \"\")\";s:6:\" gmlog\";s:10:\"\"gridlog\" \";s:8:\" jobname\";s:27:\"\"Test job on CrimeaEco VO\" \";s:8:\" cputime\";s:5:\"2850 \";s:6:\" count\";s:2:\"1 \";}', 9, 1318080420, '1', '1'),
(32, 2, 'test', 0, 'gsiftp://cluster.immsp.kiev.ua:2811/jobs/829213183512821420737811', 'a:9:{s:10:\"executable\";s:12:\"\"/bin/sleep\"\";s:9:\"arguments\";s:6:\"\"2850\"\";s:7:\" stdout\";s:15:\"\"CrimeaEco.txt\"\";s:7:\" stderr\";s:15:\"\"CrimeaEco.err\"\";s:12:\" outputFiles\";s:40:\"(\"CrimeaEco.txt\" \"\")(\"CrimeaEco.err\" \"\")\";s:6:\" gmlog\";s:10:\"\"gridlog\" \";s:8:\" jobname\";s:27:\"\"Test job on CrimeaEco VO\" \";s:8:\" cputime\";s:5:\"2850 \";s:6:\" count\";s:2:\"1 \";}', 9, 1317390967, '1', '1'),
(33, 9, 'test', 0, 'gsiftp://arc.univ.kiev.ua:21/job/172013174747531266208357', 'a:9:{s:10:\"executable\";s:12:\"\"/bin/sleep\"\";s:9:\"arguments\";s:6:\"\"2850\"\";s:7:\" stdout\";s:15:\"\"CrimeaEco.txt\"\";s:7:\" stderr\";s:15:\"\"CrimeaEco.err\"\";s:12:\" outputFiles\";s:40:\"(\"CrimeaEco.txt\" \"\")(\"CrimeaEco.err\" \"\")\";s:6:\" gmlog\";s:10:\"\"gridlog\" \";s:8:\" jobname\";s:27:\"\"Test job on CrimeaEco VO\" \";s:8:\" cputime\";s:5:\"2850 \";s:6:\" count\";s:2:\"1 \";}', 9, 1317474724, '1', '1'),
(34, 10, 'TEST', 0, 'gsiftp://cluster.immsp.kiev.ua:2811/jobs/4028131749156572654773', 'a:9:{s:10:\"executable\";s:12:\"\"/bin/sleep\"\";s:9:\"arguments\";s:6:\"\"2850\"\";s:7:\" stdout\";s:15:\"\"CrimeaEco.txt\"\";s:7:\" stderr\";s:15:\"\"CrimeaEco.err\"\";s:12:\" outputFiles\";s:40:\"(\"CrimeaEco.txt\" \"\")(\"CrimeaEco.err\" \"\")\";s:6:\" gmlog\";s:10:\"\"gridlog\" \";s:8:\" jobname\";s:27:\"\"Test job on CrimeaEco VO\" \";s:8:\" cputime\";s:5:\"2850 \";s:6:\" count\";s:2:\"1 \";}', 7, 1317491535, '1', '1'),
(35, 11, 'ее', 0, 'gsiftp://cluster.immsp.kiev.ua:2811/jobs/113201317492887655784129', 'a:9:{s:10:\"executable\";s:12:\"\"/bin/sleep\"\";s:9:\"arguments\";s:6:\"\"2850\"\";s:7:\" stdout\";s:15:\"\"CrimeaEco.txt\"\";s:7:\" stderr\";s:15:\"\"CrimeaEco.err\"\";s:12:\" outputFiles\";s:40:\"(\"CrimeaEco.txt\" \"\")(\"CrimeaEco.err\" \"\")\";s:6:\" gmlog\";s:10:\"\"gridlog\" \";s:8:\" jobname\";s:27:\"\"Test job on CrimeaEco VO\" \";s:8:\" cputime\";s:5:\"2850 \";s:6:\" count\";s:2:\"1 \";}', 9, 1317492629, '1', '1'),
(36, 11, 'tyy', 0, '', NULL, 10, 1317493226, '0', '0'),
(37, 11, 'kkk', 0, '', NULL, 10, 1317493264, '1', '1'),
(38, 12, 'еее', 0, 'gsiftp://uagrid.org.ua:2811/jobs/1744713175630101167440386', 'a:9:{s:10:\"executable\";s:12:\"\"/bin/sleep\"\";s:9:\"arguments\";s:6:\"\"2850\"\";s:7:\" stdout\";s:15:\"\"CrimeaEco.txt\"\";s:7:\" stderr\";s:15:\"\"CrimeaEco.err\"\";s:12:\" outputFiles\";s:40:\"(\"CrimeaEco.txt\" \"\")(\"CrimeaEco.err\" \"\")\";s:6:\" gmlog\";s:10:\"\"gridlog\" \";s:8:\" jobname\";s:27:\"\"Test job on CrimeaEco VO\" \";s:8:\" cputime\";s:5:\"2850 \";s:6:\" count\";s:2:\"1 \";}', 9, 1317562571, '1', '1'),
(49, 2, 'task for test', 1, '', NULL, 10, 1318609725, NULL, '0'),
(43, 2, 'with files', 1, '', NULL, 10, 1318361458, NULL, '0'),
(44, 2, 'with no files', 1, '', NULL, 10, 1318361507, NULL, '0'),
(45, 2, 'TEST', 1, '', NULL, 10, 1318363236, NULL, '0'),
(46, 2, 'TEST', 2, '', NULL, 10, 1318380252, NULL, '1'),
(47, 2, 'works', 1, '', NULL, 10, 1318609510, NULL, '0'),
(48, 2, 'asdf', 1, '', NULL, 10, 1318609590, NULL, '0');

DROP TABLE IF EXISTS `user_accepted_voms`;
CREATE TABLE `user_accepted_voms` (
  `uid` int(11) NOT NULL default '0',
  `voms_id` int(11) NOT NULL default '0',
  PRIMARY KEY  (`uid`,`voms_id`)
) ENGINE=MyISAM /*!40101 DEFAULT CHARSET=utf8 */ /*!40101 COLLATE=utf8_bin */;

INSERT INTO `user_accepted_voms` VALUES
(2, 3),
(2, 4),
(2, 5),
(2, 6),
(4, 3),
(6, 3),
(7, 3),
(7, 4),
(7, 5),
(7, 6),
(9, 3),
(9, 6),
(10, 3),
(10, 4),
(10, 5),
(10, 6),
(12, 3),
(12, 4),
(12, 5),
(12, 6),
(14, 3);

DROP TABLE IF EXISTS `user_allowed_projects`;
CREATE TABLE `user_allowed_projects` (
  `uid` int(10) unsigned NOT NULL default '0',
  `project_id` int(10) unsigned NOT NULL default '0',
  `default_vo` int(11) default NULL,
  PRIMARY KEY  (`uid`,`project_id`)
) ENGINE=MyISAM /*!40101 DEFAULT CHARSET=utf8 */ /*!40101 COLLATE=utf8_bin */;

INSERT INTO `user_allowed_projects` VALUES
(1, 4, NULL),
(1, 2, NULL),
(1, 1, NULL),
(4, 4, 3),
(4, 2, NULL),
(4, 1, 3),
(7, 1, NULL),
(7, 2, NULL),
(7, 4, NULL),
(6, 4, NULL),
(6, 2, NULL),
(6, 1, NULL),
(9, 1, 3),
(9, 2, 3),
(9, 4, 3),
(10, 4, 3),
(10, 2, 3),
(10, 1, 3),
(12, 1, 3),
(12, 2, 5),
(12, 4, 4),
(14, 1, NULL),
(14, 12, NULL),
(14, 4, NULL),
(14, 11, NULL),
(2, 4, 3),
(2, 11, 3),
(1, 10, NULL),
(2, 1, 3),
(24, 11, NULL),
(24, 1, NULL),
(24, 4, NULL),
(23, 1, NULL),
(23, 11, NULL),
(23, 4, NULL);

DROP TABLE IF EXISTS `user_allowed_software`;
CREATE TABLE `user_allowed_software` (
  `uid` int(10) unsigned NOT NULL default '0',
  `software_id` int(10) unsigned NOT NULL default '0',
  PRIMARY KEY  (`uid`,`software_id`)
) ENGINE=MyISAM /*!40101 DEFAULT CHARSET=utf8 */ /*!40101 COLLATE=utf8_bin */;

INSERT INTO `user_allowed_software` VALUES
(1, 1),
(1, 2),
(1, 3),
(2, 1),
(4, 1),
(6, 1),
(6, 2),
(9, 1),
(9, 2),
(12, 2),
(14, 1),
(23, 1),
(24, 1);

DROP TABLE IF EXISTS `user_statistics`;
CREATE TABLE `user_statistics` (
  `id` int(10) unsigned NOT NULL auto_increment,
  `uid` int(10) unsigned default '0',
  `request_urls` text /*!40101 collate utf8_bin */,
  `user_ip` varchar(255) /*!40101 collate utf8_bin */ default NULL,
  `referer` varchar(255) /*!40101 collate utf8_bin */ default NULL,
  `user_agent_raw` varchar(255) /*!40101 collate utf8_bin */ default NULL,
  `has_js` tinyint(1) default NULL,
  `browser_name` varchar(50) /*!40101 collate utf8_bin */ default NULL,
  `browser_version` varchar(50) /*!40101 collate utf8_bin */ default NULL,
  `screen_width` smallint(5) unsigned default NULL,
  `screen_height` smallint(5) unsigned default NULL,
  `date` int(10) unsigned default NULL,
  PRIMARY KEY  (`id`)
) ENGINE=MyISAM /*!40101 DEFAULT CHARSET=utf8 */ /*!40101 COLLATE=utf8_bin */;

DROP TABLE IF EXISTS `users`;
CREATE TABLE `users` (
  `id` int(11) unsigned NOT NULL auto_increment,
  `login` varchar(100) /*!40101 collate utf8_bin */ default NULL,
  `password` varchar(100) /*!40101 collate utf8_bin */ default NULL,
  `dn` varchar(255) /*!40101 collate utf8_bin */ default NULL,
  `dn_cn` varchar(255) /*!40101 collate utf8_bin */ default NULL,
  `surname` varchar(255) /*!40101 collate utf8_bin */ default NULL,
  `name` varchar(255) /*!40101 collate utf8_bin */ default NULL,
  `level` smallint(6) default NULL,
  `active` tinyint(1) unsigned NOT NULL,
  `regdate` int(10) unsigned default NULL,
  `profile` text /*!40101 collate utf8_bin */ NOT NULL,
  `myproxy_manual_login` tinyint(1) NOT NULL,
  `myproxy_no_password` tinyint(1) NOT NULL,
  `myproxy_login` varchar(255) /*!40101 collate utf8_bin */ NOT NULL,
  `myproxy_password` varchar(255) /*!40101 collate utf8_bin */ NOT NULL,
  `myproxy_server_id` int(11) NOT NULL,
  `myproxy_expire_date` int(11) NOT NULL default '0',
  PRIMARY KEY  (`id`)
) ENGINE=MyISAM AUTO_INCREMENT=25 /*!40101 DEFAULT CHARSET=utf8 */ /*!40101 COLLATE=utf8_bin */;

INSERT INTO `users` VALUES
(1, 'root', 'b1a838a7ee5413752554941c22926a1615866622', 'test test', '', 'root', 'root', 50, 1, 0, 'a:3:{s:5:\"email\";s:16:\"vlad_dip@ukr.net\";s:5:\"phone\";s:13:\"+300955144228\";s:8:\"messager\";s:14:\"icq: 125656695\";}', 0, 0, 'vlad', 'ZnJlZWRvbQ==', 1, 1324508149),
(2, '', '', '/DC=org/DC=ugrid/O=people/O=UGRID/CN=Vadim Khramov', 'Vadim Khramov', 'Khramov', 'Vadim', 50, 1, 1311091980, 'a:3:{s:5:\"email\";s:16:\"vlad_dip@ukr.net\";s:5:\"phone\";s:12:\"+38955144228\";s:8:\"messager\";s:14:\"icq: 125656695\";}', 0, 0, 'vlad', 'ZnJlZWRvbQ==', 1, 2592000),
(14, NULL, NULL, '/DC=org/DC=ugrid/O=people/O=THEI/CN=Dmitriy Mickiy', 'Dmitriy Mickiy', 'Mickiy', 'Dmitriy', 10, 1, 1320952040, 'a:3:{s:5:\"email\";s:16:\"vlad_dip@ukr.net\";s:5:\"phone\";s:10:\"0955144228\";s:8:\"messager\";s:14:\"icq: 125656695\";}', 0, 0, 'vlad', 'ZnJlZWRvbQ==', 1, 2592000),
(15, NULL, NULL, '/DC=org/DC=ugrid/O=people/O=KNU/CN=Ievgen Sliusar', 'Ievgen Sliusar', 'Sliusar', 'Ievgen', 50, 1, 1321392501, '', 0, 0, '', '', 0, 0),
(10, NULL, NULL, '/DC=org/DC=ugrid/O=people/O=UGRID/CN=Vasiliy Kuzmenko', 'Vasiliy Kuzmenko', 'Kuzmenko', 'Vasiliy', 10, 1, 1317477352, 'a:3:{s:5:\"email\";s:0:\"\";s:5:\"phone\";s:0:\"\";s:8:\"messager\";s:0:\"\";}', 0, 0, '', '', 0, 0),
(11, NULL, NULL, '/DC=org/DC=ugrid/O=people/O=UGRID/OU=HPCC/CN=Vitalii Chekaliuk', 'Vitalii Chekaliuk', 'Chekaliuk', 'Vitalii', 10, 1, 1317492243, '', 0, 0, '', '', 0, 0),
(23, 'test', '7c4a8d09ca3762af61e59520943dc26494f8941b', '/DC=org/DC=ugrid/O=people/O=UGRID/CN=Test User', 'Test User', 'User', 'Test', 10, 1, 1324596321, 'a:3:{s:5:\"email\";s:16:\"vlad_dip@mail.ru\";s:5:\"phone\";s:0:\"\";s:8:\"messager\";s:0:\"\";}', 0, 0, 'vlad', 'ZnJlZWRvbQ==', 1, 1327188477),
(24, 'test1', '7c4a8d09ca3762af61e59520943dc26494f8941b', '/DC=org/DC=ugrid/O=people/O=UGRID/CN=test1 user', 'test1 user', 'user', 'test1', 10, 1, 1324999444, 'a:3:{s:5:\"email\";s:16:\"vlad_dip@ukr.net\";s:5:\"phone\";s:13:\"+380955144228\";s:8:\"messager\";s:14:\"icq: 125656695\";}', 0, 0, 'vlad', 'ZnJlZWRvbQ==', 1, 2592000);

DROP TABLE IF EXISTS `voms`;
CREATE TABLE `voms` (
  `id` int(11) unsigned NOT NULL auto_increment,
  `name` text /*!40101 collate utf8_bin */,
  `url` text /*!40101 collate utf8_bin */,
  PRIMARY KEY  (`id`)
) ENGINE=MyISAM AUTO_INCREMENT=8 /*!40101 DEFAULT CHARSET=utf8 */ /*!40101 COLLATE=utf8_bin */;

INSERT INTO `voms` VALUES
(3, 'CrimeaEco', 'grid.org.ua/voms/crimeaeco'),
(4, 'Ukraine', 'grid.org.ua/voms/ukraine'),
(5, 'Moldyngrid', 'grid.org.ua/voms/moldyngrid'),
(6, 'testbed.univ.kiev.ua', 'grid.org.ua/voms/testbed.univ.kiev.ua'),
(7, 'eo-grid.ikd.kiev.ua', 'grid.org.ua/voms/eo-grid.ikd.kiev.ua');

